K,Fold,Epoch,Batch,Dropout,Train Accuracy,Val Accuracy,Train Loss,Val Loss,Precision,Recall,Durasi (detik)
3.0,1.0,10.0,16.0,0.2,0.8493,0.8545,0.3566,0.3153,0.870491710302016,0.854524627720504,287.16
3.0,2.0,10.0,16.0,0.2,0.8651,0.839,0.3275,0.3538,0.8672877005840997,0.8390146089945575,234.0
3.0,3.0,10.0,16.0,0.2,0.8611,0.8576,0.3277,0.3292,0.8652430534768791,0.8576339157834432,238.9
3.0,1.0,10.0,16.0,0.3,0.5739,0.6271,0.6769,0.6511,0.7851692210283264,0.627147766323024,265.47
3.0,2.0,10.0,16.0,0.3,0.8658,0.8284,0.3264,0.3767,0.8588423276056626,0.8284159266685763,268.65
3.0,3.0,10.0,16.0,0.3,0.8262,0.8379,0.3922,0.365,0.8548380660770688,0.8378688054998568,290.19
3.0,1.0,10.0,16.0,0.5,0.8569,0.825,0.3428,0.3778,0.8636980541393818,0.8250286368843069,255.51
3.0,2.0,10.0,16.0,0.5,0.8525,0.8462,0.3537,0.3412,0.8551179165366982,0.8461758808364366,239.42
3.0,3.0,10.0,16.0,0.5,0.8526,0.8528,0.3473,0.3298,0.8702799661156757,0.8527642509309653,280.64
3.0,1.0,10.0,32.0,0.2,0.8409,0.8247,0.3681,0.3921,0.8620109064102389,0.8247422680412371,191.29
3.0,2.0,10.0,32.0,0.2,0.8398,0.835,0.3696,0.3596,0.8513472827900991,0.8350042967631052,184.3
3.0,3.0,10.0,32.0,0.2,0.8478,0.8488,0.3508,0.3335,0.8568244843466839,0.848753938699513,176.88
3.0,1.0,10.0,32.0,0.3,0.8561,0.827,0.3468,0.3905,0.8629528505285462,0.827033218785796,170.72
3.0,2.0,10.0,32.0,0.3,0.8544,0.8585,0.3456,0.3276,0.8634212560745197,0.8584932684044686,173.18
3.0,3.0,10.0,32.0,0.3,0.8428,0.8244,0.3578,0.3693,0.8554592198894796,0.824405614437124,180.68
3.0,1.0,10.0,32.0,0.5,0.8395,0.825,0.3664,0.3762,0.8668620930548541,0.8250286368843069,175.12
3.0,2.0,10.0,32.0,0.5,0.8394,0.8281,0.3621,0.3691,0.8485447016075996,0.8281294757949011,170.72
3.0,3.0,10.0,32.0,0.5,0.8419,0.8399,0.362,0.3502,0.8611227522614171,0.8398739616155829,171.78
3.0,1.0,10.0,64.0,0.2,0.5325,0.4779,0.6895,0.6947,0.7366169613873264,0.4779495990836197,162.84
3.0,2.0,10.0,64.0,0.2,0.8405,0.8339,0.367,0.3599,0.8422069172655441,0.8338584932684044,162.07
3.0,3.0,10.0,64.0,0.2,0.8129,0.8052,0.4163,0.42,0.8332745164067465,0.805213405900888,172.76
3.0,1.0,10.0,64.0,0.3,0.8217,0.8299,0.4004,0.3637,0.8429208278418321,0.8298969072164949,172.54
3.0,2.0,10.0,64.0,0.3,0.8275,0.8144,0.391,0.3973,0.8398887407783749,0.8143798338584932,164.23
3.0,3.0,10.0,64.0,0.3,0.8266,0.8235,0.393,0.3813,0.8486847738923395,0.8235462618160986,151.39
3.0,1.0,10.0,64.0,0.5,0.8285,0.805,0.3899,0.3935,0.8541011585861712,0.8049828178694158,170.6
3.0,2.0,10.0,64.0,0.5,0.8103,0.776,0.4315,0.4614,0.822846629203631,0.7759954167860212,155.86
3.0,3.0,10.0,64.0,0.5,0.7894,0.7605,0.4584,0.4819,0.8208625639779653,0.7605270696075623,159.88
3.0,1.0,20.0,16.0,0.2,0.8802,0.8548,0.2839,0.3439,0.8821037801747121,0.8548109965635738,540.72
3.0,2.0,20.0,16.0,0.2,0.8852,0.8522,0.2828,0.3326,0.8738637312938831,0.852191349183615,537.65
3.0,3.0,20.0,16.0,0.2,0.8843,0.8562,0.2758,0.3294,0.8783324038502887,0.8562016614150673,611.36
3.0,1.0,20.0,16.0,0.3,0.8749,0.8517,0.2868,0.3503,0.8798801835501415,0.8516609392898052,538.73
3.0,2.0,20.0,16.0,0.3,0.885,0.8513,0.2757,0.331,0.8701453185799295,0.8513319965625895,532.11
3.0,3.0,20.0,16.0,0.3,0.8386,0.8227,0.3732,0.4241,0.8469020521731753,0.822686909195073,544.14
3.0,1.0,20.0,16.0,0.5,0.8781,0.8545,0.2862,0.338,0.8799283632232028,0.854524627720504,568.54
3.0,2.0,20.0,16.0,0.5,0.8769,0.8482,0.2951,0.3395,0.8687957119361143,0.8481810369521627,561.75
3.0,3.0,20.0,16.0,0.5,0.875,0.8545,0.2912,0.3325,0.881453411869027,0.8544829561730163,520.8
3.0,1.0,20.0,32.0,0.2,0.8706,0.8577,0.3105,0.3151,0.8758518331151482,0.8576746849942726,366.77
3.0,2.0,20.0,32.0,0.2,0.8751,0.8467,0.3074,0.3475,0.868128312663498,0.8467487825837868,362.12
3.0,3.0,20.0,32.0,0.2,0.8663,0.8316,0.3141,0.3675,0.8612867181726354,0.8315668862790031,351.22
3.0,1.0,20.0,32.0,0.3,0.8659,0.8439,0.3135,0.3424,0.8615036659659363,0.8439289805269187,358.45
3.0,2.0,20.0,32.0,0.3,0.8721,0.8416,0.3111,0.358,0.868744468826598,0.8415926668576339,344.82
3.0,3.0,20.0,32.0,0.3,0.8683,0.8639,0.308,0.3152,0.8789198588877859,0.8639358350042967,344.74
3.0,1.0,20.0,32.0,0.5,0.8608,0.8614,0.3299,0.3308,0.88068910722388,0.861397479954181,358.84
3.0,2.0,20.0,32.0,0.5,0.8686,0.8433,0.3162,0.3393,0.8605364911810429,0.8433113720996849,352.53
3.0,3.0,20.0,32.0,0.5,0.8669,0.8476,0.3131,0.3533,0.8776232568096028,0.8476081352048124,351.99
3.0,1.0,20.0,64.0,0.2,0.5536,0.6655,0.6848,0.6692,0.6896910300294481,0.6655211912943871,341.73
3.0,2.0,20.0,64.0,0.2,0.8607,0.8522,0.3322,0.3317,0.8669944146259093,0.852191349183615,407.81
3.0,3.0,20.0,64.0,0.2,0.8588,0.8359,0.328,0.3684,0.8580890291238904,0.8358636493841306,323.01
3.0,1.0,20.0,64.0,0.3,0.8406,0.8477,0.3583,0.3385,0.8573704236690222,0.847651775486827,332.55
3.0,2.0,20.0,64.0,0.3,0.8538,0.8164,0.3383,0.3986,0.8530888578663788,0.8163849899742194,357.09
3.0,3.0,20.0,64.0,0.3,0.8442,0.8298,0.365,0.3785,0.8549469509344917,0.8298481810369521,353.82
3.0,1.0,20.0,64.0,0.5,0.8555,0.8502,0.3436,0.3399,0.8683156941521729,0.8502290950744559,367.14
3.0,2.0,20.0,64.0,0.5,0.8622,0.8559,0.3274,0.3344,0.8671491826148414,0.8559152105413922,366.1
3.0,3.0,20.0,64.0,0.5,0.8523,0.8445,0.34,0.338,0.8612670821685116,0.8444571755943856,403.49
3.0,1.0,30.0,16.0,0.2,0.8958,0.8723,0.2539,0.3124,0.8888499135030923,0.8722794959908362,943.7
3.0,2.0,30.0,16.0,0.2,0.8979,0.8668,0.2545,0.3003,0.8761426735923531,0.8668003437410484,933.08
3.0,3.0,30.0,16.0,0.2,0.7927,0.7903,0.464,0.4444,0.8254425995848659,0.7903179604697794,936.96
3.0,1.0,30.0,16.0,0.3,0.8947,0.8651,0.2503,0.3201,0.8830053196482247,0.8651202749140894,932.31
3.0,2.0,30.0,16.0,0.3,0.8934,0.8751,0.2597,0.3098,0.8748487810017997,0.8751074190776282,872.47
3.0,3.0,30.0,16.0,0.3,0.8904,0.8691,0.2603,0.3165,0.884777891544582,0.8690919507304498,942.67
3.0,1.0,30.0,16.0,0.5,0.8695,0.8806,0.308,0.2798,0.8829107777612081,0.8805841924398625,939.26
3.0,2.0,30.0,16.0,0.5,0.9045,0.8742,0.2418,0.319,0.88306420531002,0.8742480664566027,893.62
3.0,3.0,30.0,16.0,0.5,0.8915,0.8662,0.2566,0.3371,0.8792261803518097,0.866227441993698,914.99
3.0,1.0,30.0,32.0,0.2,0.8797,0.8674,0.2812,0.2988,0.8837077682491498,0.8674112256586484,539.96
3.0,2.0,30.0,32.0,0.2,0.8908,0.8625,0.2688,0.3161,0.8758901144635329,0.8625035806359209,549.64
3.0,3.0,30.0,32.0,0.2,0.8831,0.8631,0.2711,0.3045,0.870601665199403,0.8630764823832713,604.65
3.0,1.0,30.0,32.0,0.3,0.8416,0.8325,0.3697,0.3624,0.8602146327242377,0.8324742268041238,601.48
3.0,2.0,30.0,32.0,0.3,0.8907,0.8281,0.269,0.3773,0.8630159411475133,0.8281294757949011,640.22
3.0,3.0,30.0,32.0,0.3,0.8873,0.8745,0.2667,0.3113,0.8840017765082331,0.8745345173302779,544.97
3.0,1.0,30.0,32.0,0.5,0.8764,0.8677,0.2944,0.3086,0.8819245278143812,0.8676975945017182,570.8
3.0,2.0,30.0,32.0,0.5,0.8819,0.8404,0.287,0.3593,0.8680951130509613,0.8404468633629333,566.81
3.0,3.0,30.0,32.0,0.5,0.8801,0.8717,0.2869,0.3082,0.8854052244154944,0.8716700085935262,557.38
3.0,1.0,30.0,64.0,0.2,0.8634,0.8488,0.3154,0.3625,0.8775926274346642,0.8487972508591065,800.24
3.0,2.0,30.0,64.0,0.2,0.8841,0.8636,0.2901,0.3218,0.8674297629274496,0.8636493841306216,838.09
3.0,3.0,30.0,64.0,0.2,0.8727,0.8665,0.2984,0.3173,0.8787551841119018,0.8665138928673732,857.79
3.0,1.0,30.0,64.0,0.3,0.8694,0.88,0.3145,0.2891,0.8873946359085455,0.8800114547537228,891.91
3.0,2.0,30.0,64.0,0.3,0.8818,0.8556,0.2919,0.3184,0.8667929753832695,0.855628759667717,850.31
3.0,3.0,30.0,64.0,0.3,0.8729,0.8548,0.3059,0.3378,0.8776900307784407,0.8547694070466915,916.21
3.0,1.0,30.0,64.0,0.5,0.8722,0.8666,0.314,0.322,0.8789559507765806,0.8665521191294387,968.97
3.0,2.0,30.0,64.0,0.5,0.8747,0.8362,0.3057,0.3654,0.8663856775756962,0.8361501002578058,1004.34
3.0,3.0,30.0,64.0,0.5,0.8671,0.8447,0.3081,0.3509,0.8714327008220388,0.8447436264680608,979.9
5.0,1.0,10.0,16.0,0.2,0.8626,0.8582,0.3251,0.3293,0.877285929347465,0.8582338902147971,399.1
5.0,2.0,10.0,16.0,0.2,0.8616,0.8363,0.3285,0.3518,0.8694018962747493,0.8362768496420048,392.49
5.0,3.0,10.0,16.0,0.2,0.8676,0.8358,0.315,0.3691,0.8589512118575534,0.835799522673031,393.6
5.0,4.0,10.0,16.0,0.2,0.8662,0.8783,0.3157,0.2909,0.8797145665031704,0.8782816229116945,371.46
5.0,5.0,10.0,16.0,0.2,0.8515,0.809,0.3449,0.4126,0.858379470782629,0.8089780324737345,375.63
5.0,1.0,10.0,16.0,0.3,0.866,0.8516,0.3197,0.323,0.8721905964729809,0.8515513126491647,369.79
5.0,2.0,10.0,16.0,0.3,0.8532,0.8415,0.3477,0.3577,0.8684099749847412,0.841527446300716,392.03
