K,Fold,Epoch,Batch,Dropout,Train Accuracy,Val Accuracy,Test Accuracy,Train Loss,Val Loss,Precision,Recall,Durasi (detik)
3,1,10,16,0.2,0.8573875427246094,0.8373425006866455,0.8283261656761169,0.3436380624771118,0.37683767080307,0.8703931651196605,0.8373424971363116,255.09900784492493
3,2,10,16,0.2,0.6941781044006348,0.7436264753341675,0.735336184501648,0.6012235283851624,0.5200986862182617,0.7508127602941616,0.7436264680607276,214.23628759384155
3,3,10,16,0.2,0.8492009043693542,0.8519048690795898,0.8669527769088745,0.3475455641746521,0.3337402641773224,0.8548449644930656,0.8519048983099399,231.1731822490692
3,1,10,16,0.3,0.8292989134788513,0.8313287496566772,0.8254649639129639,0.3959406912326813,0.3719687759876251,0.8569056640564273,0.8313287514318443,283.3908839225769
3,2,10,16,0.3,0.8573059439659119,0.8458894491195679,0.8555078506469727,0.3399845063686371,0.3434457182884216,0.8457265902203327,0.8458894299627614,278.2605438232422
3,3,10,16,0.3,0.8453196287155151,0.8395875096321106,0.8454935550689697,0.3545090556144714,0.3702382743358612,0.8628052071155096,0.8395875107419077,237.82687139511108
3,1,10,16,0.5,0.7187713980674744,0.8210194706916809,0.8082975745201111,0.5423031449317932,0.4054726362228393,0.8459371016621291,0.8210194730813287,218.45500659942627
3,2,10,16,0.5,0.8554794788360596,0.8344314098358154,0.8526466488838196,0.3492033183574676,0.3569580912590027,0.853040203467002,0.8344313950157548,295.84793400764465
3,3,10,16,0.5,0.5319634675979614,0.613291323184967,0.5951359272003174,0.6903327107429504,0.6870711445808411,0.7201757453374377,0.6132913205385276,224.91054701805115
3,1,10,32,0.2,0.8455126881599426,0.8413516879081726,0.8240343332290649,0.363623559474945,0.351504772901535,0.8649167190030699,0.8413516609392898,167.87106943130493
3,2,10,32,0.2,0.8405250906944275,0.8249785304069519,0.8469241857528687,0.3670959770679474,0.3728635013103485,0.8497381565267924,0.8249785161844744,173.49995231628418
3,3,10,32,0.2,0.8365296721458435,0.8401604294776917,0.8497853875160217,0.3695663809776306,0.3511025309562683,0.8576002264077386,0.8401604124892581,161.3022220134735
3,1,10,32,0.3,0.8445992469787598,0.8313287496566772,0.8154506683349609,0.3666586577892303,0.3806323707103729,0.8659632182938742,0.8313287514318443,166.6812264919281
3,2,10,32,0.3,0.8408675789833069,0.819822371006012,0.8354792594909668,0.3656867742538452,0.3995358645915985,0.8483004304586901,0.8198224004583214,175.617445230484
3,3,10,32,0.3,0.8228310346603394,0.8209682106971741,0.8197425007820129,0.4052598476409912,0.3980998694896698,0.8519242092479192,0.8209682039530221,175.87178111076355
3,1,10,32,0.5,0.8355789184570312,0.8419243693351746,0.8383404612541199,0.3762901425361633,0.3415919244289398,0.8591087460880931,0.8419243986254296,164.95526266098022
3,2,10,32,0.5,0.850570797920227,0.8507590889930725,0.8597997426986694,0.3503725528717041,0.3439520001411438,0.8551889774427287,0.8507590948152391,157.09626698493958
3,3,10,32,0.5,0.8445205688476562,0.8224004507064819,0.822603702545166,0.3609717488288879,0.3930885195732116,0.8557953844757568,0.8224004583213979,154.64906692504883
3,1,10,64,0.2,0.82986980676651,0.8439289927482605,0.8197425007820129,0.3765478134155273,0.341520607471466,0.8580742633590007,0.8439289805269187,143.5870270729065
3,2,10,64,0.2,0.803196370601654,0.7891721725463867,0.7997138500213623,0.441182792186737,0.4416931867599487,0.8241013476834158,0.7891721569750788,143.57078170776367
3,3,10,64,0.2,0.7799086570739746,0.7943282723426819,0.8197425007820129,0.4724619388580322,0.4308085143566131,0.817705535255514,0.7943282727012317,141.99109745025635
3,1,10,64,0.3,0.7847682237625122,0.7247995138168335,0.7424892783164978,0.4721471667289734,0.5511178970336914,0.8237823286248069,0.7247995418098511,143.938072681427
3,2,10,64,0.3,0.8343607187271118,0.8075050115585327,0.8397710919380188,0.3868815898895263,0.3916466832160949,0.8400509575572235,0.8075050128902893,131.0471067428589
3,3,10,64,0.3,0.792694091796875,0.792896032333374,0.8040057420730591,0.4421500265598297,0.4301882684230804,0.8261358058661896,0.792896018332856,165.69216012954712
3,1,10,64,0.5,0.5151861310005188,0.6970217823982239,0.6967095732688904,0.6981564164161682,0.6664752960205078,0.4858393395343833,0.6970217640320733,134.22698640823364
3,2,10,64,0.5,0.8278538584709167,0.8029217720031738,0.8354792594909668,0.3928419351577759,0.4125378131866455,0.837557441509976,0.8029217989114866,153.3473138809204
3,3,10,64,0.5,0.7753424644470215,0.7991979122161865,0.7982832789421082,0.4788660705089569,0.4666433930397033,0.8013009495905093,0.7991979375537095,155.7998173236847
3,1,20,16,0.2,0.8812514543533325,0.8528063893318176,0.8297567963600159,0.2886597812175751,0.3481612205505371,0.8830833522390065,0.8528064146620847,479.8556504249573
3,2,20,16,0.2,0.8680365085601807,0.8633629083633423,0.8769670724868774,0.3181160986423492,0.3143959641456604,0.8670931570103854,0.8633629332569465,448.20996260643005
3,3,20,16,0.2,0.876369833946228,0.8484674692153931,0.8454935550689697,0.2951183617115021,0.3407164514064789,0.8742297394125113,0.8484674878258379,528.2561802864075
3,1,20,16,0.3,0.8505366444587708,0.8439289927482605,0.8426323533058167,0.3548933863639831,0.3527292609214782,0.8683483005853045,0.8439289805269187,451.23650097846985
3,2,20,16,0.3,0.8772830963134766,0.8639358282089233,0.8898426294326782,0.2964410483837127,0.2987343370914459,0.8681046571597131,0.8639358350042967,463.66332364082336
3,3,20,16,0.3,0.8699771761894226,0.8613577485084534,0.8726752400398254,0.308119386434555,0.3089746534824371,0.8728058176767303,0.8613577771412203,438.34532737731934
3,1,20,16,0.5,0.8807947039604187,0.8622565865516663,0.8512160181999207,0.2927571833133697,0.3189944624900818,0.8826079839340119,0.8622565864833907,481.39488673210144
3,2,20,16,0.5,0.8727169036865234,0.8613577485084534,0.8741058707237244,0.303060919046402,0.3156957030296325,0.868931385909176,0.8613577771412203,537.3806800842285
3,3,20,16,0.5,0.8332191705703735,0.8000572919845581,0.7925608158111572,0.3922580182552337,0.4383878111839294,0.851188399028852,0.800057290174735,549.5365748405457
3,1,20,32,0.2,0.854647159576416,0.7983963489532471,0.8025751113891602,0.349270612001419,0.4394755661487579,0.8604552506380909,0.7983963344788088,321.190062046051
3,2,20,32,0.2,0.8706620931625366,0.8447436094284058,0.8655221462249756,0.3097339570522308,0.3385476469993591,0.8648962947345609,0.8447436264680608,329.49211740493774
3,3,20,32,0.2,0.8221461176872253,0.838728129863739,0.8640915751457214,0.4150773584842682,0.367061048746109,0.8437695270494002,0.8387281581208823,334.53044295310974
3,1,20,32,0.3,0.8141127824783325,0.8339060544967651,0.80972820520401,0.4305131137371063,0.3851178884506225,0.844208724197288,0.8339060710194731,349.09648609161377
3,2,20,32,0.3,0.8624429106712341,0.8318533301353455,0.8483548164367676,0.328018307685852,0.3701107501983642,0.8544458712031843,0.8318533371526783,302.6348567008972
3,3,20,32,0.3,0.8624429106712341,0.8527642488479614,0.8640915751457214,0.3229642808437347,0.3292053043842315,0.8725982198822526,0.8527642509309653,319.86244773864746
3,1,20,32,0.5,0.8736012578010559,0.8602520227432251,0.8426323533058167,0.3085632026195526,0.3326408565044403,0.8824246920051859,0.8602520045819015,321.3881003856659
3,2,20,32,0.5,0.8663241863250732,0.8513320088386536,0.8655221462249756,0.3246557414531708,0.3312705159187317,0.8659032531416838,0.8513319965625895,321.8416819572449
3,3,20,32,0.5,0.8686072826385498,0.8564881086349487,0.8626609444618225,0.3156517446041107,0.3389171659946441,0.8728378256970962,0.8564881122887424,323.3049578666687
3,1,20,64,0.2,0.8577300906181335,0.8588201403617859,0.8555078506469727,0.3347181975841522,0.3261380493640899,0.8673847100729895,0.8588201603665521,312.71400237083435
3,2,20,64,0.2,0.8527397513389587,0.8355771899223328,0.8483548164367676,0.3439089953899383,0.3583166003227234,0.8466111713037048,0.8355771985104554,273.6042115688324
3,3,20,64,0.2,0.8553652763366699,0.8550558686256409,0.8597997426986694,0.3342345952987671,0.3457019031047821,0.8642455843207324,0.8550558579203666,289.5902609825134
3,1,20,64,0.3,0.8556748032569885,0.8350515365600586,0.8197425007820129,0.3451918959617615,0.3615864515304565,0.8667446417208964,0.8350515463917526,265.66816687583923
3,2,20,64,0.3,0.8616438508033752,0.8424520492553711,0.8712446093559265,0.3355164229869842,0.3455201983451843,0.8511371126991856,0.8424520194786594,290.5708074569702
3,3,20,64,0.3,0.8557077646255493,0.8519048690795898,0.8683834075927734,0.3371719419956207,0.3404593765735626,0.8652490941212686,0.8519048983099399,285.563884973526
3,1,20,64,0.5,0.7119205594062805,0.6168385148048401,0.628040075302124,0.5822102427482605,0.6711552739143372,0.7640144461342897,0.6168384879725086,287.7597599029541
3,2,20,64,0.5,0.8521689772605896,0.8287023901939392,0.8483548164367676,0.3460029065608978,0.3671627044677734,0.8496923298459923,0.8287023775422515,291.3514375686645
3,3,20,64,0.5,0.8608447313308716,0.8487539291381836,0.8497853875160217,0.3301356434822082,0.3491648137569427,0.8666143933705346,0.848753938699513,295.87742495536804
3,1,30,16,0.2,0.8964375257492065,0.8854524493217468,0.8698140382766724,0.2525007128715515,0.2877934277057647,0.892479032708724,0.8854524627720504,705.1938676834106
3,2,30,16,0.2,0.6655251383781433,0.680607259273529,0.6795421838760376,0.6349222660064697,0.6411048769950867,0.6445488308362518,0.6806072758521914,723.6835858821869
3,3,30,16,0.2,0.8295661807060242,0.8189630508422852,0.8268955945968628,0.3990896344184875,0.4025158882141113,0.8544478655143333,0.8189630478372959,711.6532504558563
3,1,30,16,0.3,0.8958666324615479,0.8785796165466309,0.8726752400398254,0.2489599585533142,0.2820843756198883,0.8871891632283286,0.8785796105383734,701.1428956985474
3,2,30,16,0.3,0.8941780924797058,0.8496133089065552,0.8769670724868774,0.2526022493839264,0.3295228183269501,0.8766669377168677,0.8496132913205385,788.0391366481781
3,3,30,16,0.3,0.890753448009491,0.8728157877922058,0.8869814276695251,0.2574291229248047,0.2907437086105346,0.8770887232101042,0.8728158120882269,716.4656920433044
3,1,30,16,0.5,0.8907284736633301,0.869702160358429,0.8483548164367676,0.2641032338142395,0.2874797582626343,0.8835949288043694,0.8697021764032073,715.860689163208
3,2,30,16,0.5,0.8892694115638733,0.862790048122406,0.8898426294326782,0.2701831758022308,0.3163384795188904,0.8721101571273622,0.8627900315095961,760.3831810951233
3,3,30,16,0.5,0.8831050395965576,0.862790048122406,0.8583691120147705,0.2830409109592438,0.3268008232116699,0.8764218272009036,0.8627900315095961,709.9161126613617
3,1,30,32,0.2,0.8770267367362976,0.862829327583313,0.8397710919380188,0.292691022157669,0.3240174353122711,0.8798592060718682,0.8628293241695304,486.1197862625122
3,2,30,32,0.2,0.8721461296081543,0.8215411305427551,0.8454935550689697,0.3101159036159515,0.4095991551876068,0.8522410864328183,0.8215411057003724,498.3867728710175
3,3,30,32,0.2,0.8853881359100342,0.8645087480545044,0.8597997426986694,0.2688811719417572,0.309254914522171,0.8807346696180204,0.8645087367516471,489.6416847705841
3,1,30,32,0.3,0.8783968687057495,0.8599656224250793,0.8426323533058167,0.2859871983528137,0.357534795999527,0.8824633956291283,0.8599656357388317,502.1535532474518
3,2,30,32,0.3,0.8409817218780518,0.8404468894004822,0.8497853875160217,0.3766676485538482,0.3576565980911255,0.8512436166351145,0.8404468633629333,479.7853591442108
3,3,30,32,0.3,0.8472602963447571,0.851045548915863,0.8669527769088745,0.3573844134807586,0.34221351146698,0.8622045195489105,0.8510455456889143,478.55241775512695
3,1,30,32,0.5,0.8817081451416016,0.8722795248031616,0.8612303137779236,0.277822345495224,0.2872312068939209,0.8863364047635381,0.8722794959908362,488.4904932975769
3,2,30,32,0.5,0.8795661926269531,0.8519048690795898,0.8812589645385742,0.2891209721565246,0.3262747526168823,0.8682463555795498,0.8519048983099399,480.79649448394775
3,3,30,32,0.5,0.8768264651298523,0.862790048122406,0.8655221462249756,0.287849485874176,0.3123706877231598,0.8742691134729902,0.8627900315095961,557.342188835144
3,1,30,64,0.2,0.8471112251281738,0.8648338913917542,0.8583691120147705,0.3509751558303833,0.3140010237693786,0.8688158022149223,0.8648339060710195,470.29075813293457
3,2,30,64,0.2,0.8728310465812683,0.8484674692153931,0.8569384813308716,0.3018427789211273,0.3437813222408294,0.861428382613857,0.8484674878258379,446.40705394744873
3,3,30,64,0.2,0.8675799369812012,0.8441707491874695,0.8483548164367676,0.3097462356090545,0.3678905963897705,0.8669943801940277,0.8441707247207104,464.8138496875763
3,1,30,64,0.3,0.8532770276069641,0.8407789468765259,0.832617998123169,0.332849770784378,0.3422761261463165,0.8669587154384275,0.8407789232531501,453.3365614414215
3,2,30,64,0.3,0.8730593323707581,0.8524777889251709,0.8726752400398254,0.3027964830398559,0.3363050520420074,0.8633522797157773,0.8524778000572901,448.7771973609924
3,3,30,64,0.3,0.8745433688163757,0.8599255084991455,0.8683834075927734,0.2990623712539673,0.328679084777832,0.872982425297505,0.8599255227728445,477.9891903400421
3,1,30,64,0.5,0.8458552360534668,0.8502290844917297,0.8311874270439148,0.3554517328739166,0.3509808182716369,0.8677477311306904,0.8502290950744559,528.7149636745453
3,2,30,64,0.5,0.8737443089485168,0.8301346302032471,0.8412017226219177,0.3083103597164154,0.3969265222549438,0.8673359437430228,0.8301346319106273,527.9820041656494
3,3,30,64,0.5,0.8697488307952881,0.8582068085670471,0.8769670724868774,0.3062411546707153,0.3181698620319366,0.8732280076237414,0.8582068175307934,484.9881691932678
5,1,10,16,0.2,0.8670091032981873,0.844391405582428,0.8472553491592407,0.3250158429145813,0.3355389833450317,0.8609820051167345,0.8443914081145585,249.1273968219757
5,2,10,16,0.2,0.8659626841545105,0.8448687195777893,0.825775682926178,0.3195095956325531,0.3591561317443847,0.8752558700670905,0.8448687350835322,262.53896737098694
5,3,10,16,0.2,0.8661529421806335,0.8248209953308105,0.8472553491592407,0.3177398443222046,0.3954060077667236,0.8583911899177078,0.8248210023866348,273.0215449333191
5,4,10,16,0.2,0.8404680490493774,0.8181384205818176,0.8221957087516785,0.3693972527980804,0.4131320714950561,0.863653847381179,0.8181384248210024,253.09848880767825
5,5,10,16,0.2,0.83875572681427,0.8361986875534058,0.8400954604148865,0.3806596994400024,0.3764930367469787,0.85206856319353,0.8361986628462273,248.5666661262512
5,1,10,16,0.3,0.8524543642997742,0.8386634588241577,0.8305489420890808,0.344763696193695,0.3645385205745697,0.875234236448645,0.8386634844868736,255.2989625930786
5,2,10,16,0.3,0.8613964915275574,0.8477327227592468,0.8245823383331299,0.3292069137096405,0.3429961502552032,0.8678577545839818,0.8477326968973747,254.80646872520447
5,3,10,16,0.3,0.842751145362854,0.8157517910003662,0.819809079170227,0.376503974199295,0.3967858254909515,0.8451745525159988,0.8157517899761336,270.7974591255188
5,4,10,16,0.3,0.827625572681427,0.8295942544937134,0.819809079170227,0.3954085409641266,0.3880086243152618,0.8642047519301563,0.8295942720763723,273.45680832862854
5,5,10,16,0.3,0.82781583070755,0.8242598176002502,0.8162291049957275,0.4018219709396362,0.3813316524028778,0.8419640188147263,0.8242597898758357,242.92704844474792
5,1,10,16,0.5,0.8532153964042664,0.8610978722572327,0.8651551604270935,0.3423009514808655,0.3096034824848175,0.8765996235646044,0.8610978520286396,232.5268831253052
5,2,10,16,0.5,0.8519787192344666,0.8625298142433167,0.8293555974960327,0.3462323844432831,0.321685642004013,0.8725807923139375,0.8625298329355608,229.966920375824
5,3,10,16,0.5,0.8431316614151001,0.8338901996612549,0.8568019270896912,0.3806838989257812,0.3680374920368194,0.8418492576652213,0.833890214797136,266.6336672306061
5,4,10,16,0.5,0.8475075960159302,0.8539379239082336,0.8699284195899963,0.3529029190540313,0.3312706649303436,0.8736513743461288,0.8539379474940334,215.2366755008697
5,5,10,16,0.5,0.8601598143577576,0.8385864496231079,0.8448687195777893,0.3298816978931427,0.3598631024360657,0.8634389248991177,0.8385864374403056,306.6528868675232
5,1,10,32,0.2,0.8459855318069458,0.8577565550804138,0.8520286679267883,0.355390727519989,0.3202778100967407,0.8720559999601232,0.8577565632458234,178.15241932868958
5,2,10,32,0.2,0.842751145362854,0.8219570517539978,0.7863962054252625,0.3552672266960144,0.3755913078784942,0.8585203654002309,0.8219570405727924,177.9210033416748
5,3,10,32,0.2,0.8500760793685913,0.8324582576751709,0.8484486937522888,0.3508979976177215,0.3658862113952636,0.8484362965033821,0.8324582338902148,175.9727327823639
5,4,10,32,0.2,0.8378044366836548,0.8276849389076233,0.8329355716705322,0.3660599887371063,0.3813090920448303,0.8619582508140259,0.8276849642004773,166.9604046344757
5,5,10,32,0.2,0.8395167589187622,0.8299904465675354,0.8210023641586304,0.3704599142074585,0.380622535943985,0.8604344750059274,0.8299904489016237,173.01921582221985
5,1,10,32,0.3,0.8330479264259338,0.8620525002479553,0.8603818416595459,0.3820110857486725,0.3191157281398773,0.870279098399169,0.8620525059665871,180.34531569480896
5,2,10,32,0.3,0.8562595248222351,0.852983295917511,0.8389021754264832,0.3393559455871582,0.3171271681785583,0.8636019188797324,0.8529832935560859,170.14883518218994
5,3,10,32,0.3,0.8566400408744812,0.8348448872566223,0.8568019270896912,0.338929533958435,0.3614818155765533,0.854985972887698,0.8348448687350836,174.20430326461792
5,4,10,32,0.3,0.8477929830551147,0.8696897625923157,0.8782815933227539,0.3494637906551361,0.3062556087970733,0.8740827207190818,0.8696897374701671,171.3403263092041
5,5,10,32,0.3,0.846936821937561,0.8299904465675354,0.836515486240387,0.3503402173519134,0.3705767393112182,0.8544764416684508,0.8299904489016237,178.20459079742432
5,1,10,32,0.5,0.8459855318069458,0.8386634588241577,0.8293555974960327,0.3590047061443329,0.3602297306060791,0.855472348958532,0.8386634844868736,180.8530066013336
5,2,10,32,0.5,0.8495053052902222,0.8682577610015869,0.8424820899963379,0.3549573123455047,0.3117185831069946,0.8672254884840017,0.8682577565632458,190.4000079631805
5,3,10,32,0.5,0.8555936217308044,0.8238663673400879,0.8472553491592407,0.3450202345848083,0.3920230865478515,0.8523961741078124,0.8238663484486873,176.07363319396973
5,4,10,32,0.5,0.838565468788147,0.8405727744102478,0.8508353233337402,0.365739643573761,0.3506713807582855,0.845060169995228,0.8405727923627685,178.72601771354675
5,5,10,32,0.5,0.8399924039840698,0.7893982529640198,0.7935560941696167,0.3647924065589905,0.4556034505367279,0.8489554744657853,0.7893982808022922,171.194007396698
5,1,10,64,0.2,0.8374239206314087,0.8248209953308105,0.8042959570884705,0.3664782643318176,0.3808950185775757,0.8552232479037842,0.8248210023866348,153.48836827278137
5,2,10,64,0.2,0.8157343864440918,0.8458234071731567,0.8305489420890808,0.4146374464035034,0.3694618940353393,0.8493354570653676,0.8458233890214797,161.41596865653992
5,3,10,64,0.2,0.8286719918251038,0.7842482328414917,0.801909327507019,0.3892297446727752,0.4665378332138061,0.8297372077103912,0.7842482100238664,160.64891576766968
5,4,10,64,0.2,0.8350456357002258,0.8338901996612549,0.8424820899963379,0.373550146818161,0.3557253181934356,0.8467699750626501,0.833890214797136,157.1808557510376
5,5,10,64,0.2,0.5156963467597961,0.3027698099613189,0.3031026124954223,0.693583607673645,0.7638595700263977,0.0916695630121628,0.3027698185291309,168.7828230857849
5,1,10,64,0.3,0.8229642510414124,0.8315035700798035,0.8269689679145813,0.3985300660133362,0.3958030641078949,0.8472168972777848,0.8315035799522673,160.09330368041992
5,2,10,64,0.3,0.8355212807655334,0.8095465302467346,0.7863962054252625,0.3785890340805053,0.422968327999115,0.8548809872197675,0.809546539379475,150.4388566017151
5,3,10,64,0.3,0.8348553776741028,0.8424820899963379,0.8329355716705322,0.3724614679813385,0.3769353628158569,0.8559026948002703,0.8424821002386634,165.30444526672363
5,4,10,64,0.3,0.8150684833526611,0.8324582576751709,0.8293555974960327,0.4090142250061035,0.3703394830226898,0.843615619017684,0.8324582338902148,168.58727717399597
5,5,10,64,0.3,0.8345699906349182,0.8366762399673462,0.836515486240387,0.3752698898315429,0.3636292815208435,0.8445766382771417,0.836676217765043,178.5530333518982
5,1,10,64,0.5,0.8311453461647034,0.8233889937400818,0.8066825866699219,0.3805818855762481,0.3835391402244568,0.8540422062594121,0.8233890214797136,157.70258140563965
5,2,10,64,0.5,0.8181126117706299,0.7747016549110413,0.7505966424942017,0.4121094644069671,0.4620689749717712,0.8420238519928028,0.7747016706443914,158.82773566246033
5,3,10,64,0.5,0.8118340969085693,0.8214797377586365,0.8341288566589355,0.422453910112381,0.4009334146976471,0.8347900447815452,0.8214797136038187,163.2743377685547
5,4,10,64,0.5,0.7807267904281616,0.7928401231765747,0.8078758716583252,0.4761799275875091,0.4433234333992004,0.819495702737612,0.7928400954653938,163.04604649543762
5,5,10,64,0.5,0.8161149024963379,0.7058261632919312,0.7136037945747375,0.4156947433948517,0.5416687726974487,0.822137516149888,0.7058261700095511,169.4418706893921
5,1,20,16,0.2,0.873192548751831,0.8658711314201355,0.8687350749969482,0.2987148463726043,0.3067416846752167,0.8846212136349787,0.8658711217183771,587.3802835941315
5,2,20,16,0.2,0.8807077407836914,0.8439140915870667,0.8305489420890808,0.2812009453773498,0.3153614997863769,0.8683271427517687,0.8439140811455847,473.42101216316223
5,3,20,16,0.2,0.8844178318977356,0.8353222012519836,0.8556085824966431,0.2840614914894104,0.3541564643383026,0.862269064101654,0.8353221957040573,485.7665140628815
5,4,20,16,0.2,0.8754756450653076,0.8682577610015869,0.8770883083343506,0.2892387509346008,0.3155920505523681,0.8861099797315086,0.8682577565632458,525.7784588336945
5,5,20,16,0.2,0.8822298049926758,0.8753581643104553,0.8842481970787048,0.2755696177482605,0.2879262268543243,0.8832096107515426,0.8753581661891118,476.0072379112244
5,1,20,16,0.3,0.755993127822876,0.3031026124954223,0.3054892718791961,0.4751598536968231,0.7907059788703918,0.0918712014627394,0.3031026252983294,500.6068241596222
5,2,20,16,0.3,0.8812785148620605,0.8663484454154968,0.8556085824966431,0.2898111939430237,0.3055610954761505,0.881801306622309,0.8663484486873508,467.5160245895386
5,3,20,16,0.3,0.8565449118614197,0.8229116797447205,0.8353222012519836,0.3411061763763428,0.364169716835022,0.845373963277637,0.8229116945107399,434.5479896068573
5,4,20,16,0.3,0.8833714127540588,0.8668257594108582,0.8770883083343506,0.2851243317127228,0.3168326318264007,0.8818135222534914,0.8668257756563246,469.6327228546143
5,5,20,16,0.3,0.8837519288063049,0.873925507068634,0.879474937915802,0.2770984172821045,0.3140970468521118,0.8801505890103194,0.8739255014326648,476.90062403678894
5,1,20,16,0.5,0.8884132504463196,0.8863961696624756,0.8687350749969482,0.2655411958694458,0.2741590440273285,0.8907155244096574,0.8863961813842482,498.6488585472107
5,2,20,16,0.5,0.8733828067779541,0.8687350749969482,0.8412888050079346,0.295159637928009,0.3013971745967865,0.8777188044097922,0.8687350835322196,512.5602149963379
5,3,20,16,0.5,0.6396499276161194,0.731742262840271,0.7207637429237366,0.6334792971611023,0.5773932337760925,0.7955796775153703,0.7317422434367542,535.3891813755035
5,4,20,16,0.5,0.8829908967018127,0.8735083341598511,0.8770883083343506,0.2798596918582916,0.3018230497837066,0.8868006294554563,0.8735083532219571,433.67854022979736
5,5,20,16,0.5,0.8823249340057373,0.8753581643104553,0.8806682825088501,0.2767762541770935,0.3007392287254333,0.8777304017450008,0.8753581661891118,499.3598690032959
5,1,20,32,0.2,0.877187967300415,0.8563245534896851,0.8496419787406921,0.2977907359600067,0.3273395895957947,0.8820541337321472,0.8563245823389022,387.92164039611816
5,2,20,32,0.2,0.872812032699585,0.8634845018386841,0.8424820899963379,0.3060642778873443,0.310478538274765,0.8770000452501258,0.8634844868735083,386.31117367744446
5,3,20,32,0.2,0.8735730648040771,0.8381861448287964,0.8496419787406921,0.3048790395259857,0.3695270419120788,0.8646476034717817,0.8381861575178997,398.96447944641113
5,4,20,32,0.2,0.8379946947097778,0.8281623125076294,0.8484486937522888,0.3716401159763336,0.3825836777687073,0.8552127611005755,0.8281622911694511,392.20438528060913
5,5,20,32,0.2,0.8695776462554932,0.8591213226318359,0.8472553491592407,0.3110167980194092,0.3321600258350372,0.8808541552050241,0.8591212989493792,378.5125107765198
5,1,20,32,0.3,0.8675799369812012,0.8553699254989624,0.8711217045783997,0.3104524612426758,0.3211812973022461,0.8707885553090361,0.8553699284009546,460.5939812660217
5,2,20,32,0.3,0.8761415481567383,0.8491646647453308,0.8233889937400818,0.2951773405075073,0.3478304743766784,0.8780157209046431,0.8491646778042959,391.53517389297485
5,3,20,32,0.3,0.8633942008018494,0.8281623125076294,0.843675434589386,0.3286997377872467,0.3889984488487243,0.8555834600350348,0.8281622911694511,378.481650352478
5,4,20,32,0.3,0.8647260069847107,0.8472553491592407,0.8627684712409973,0.3198961317539215,0.3398625254631042,0.8709991634456092,0.847255369928401,367.470983505249
5,5,20,32,0.3,0.8663432002067566,0.8538681864738464,0.8412888050079346,0.3116553723812103,0.3358839154243469,0.8698250597964065,0.8538681948424068,381.2966020107269
5,1,20,32,0.5,0.873192548751831,0.8763723373413086,0.8806682825088501,0.3080812096595764,0.2912231385707855,0.8802565897745077,0.8763723150357995,388.7584757804871
5,2,20,32,0.5,0.871004581451416,0.8367542028427124,0.8150358200073242,0.317761093378067,0.3853901624679565,0.872129683521544,0.8367541766109785,387.3781180381775
5,3,20,32,0.5,0.866057813167572,0.8362768292427063,0.8484486937522888,0.321977287530899,0.3655033707618713,0.8588892786141624,0.8362768496420048,389.9647824764252
5,4,20,32,0.5,0.8606354594230652,0.852983295917511,0.8663484454154968,0.3225143551826477,0.3571147620677948,0.883643593619983,0.8529832935560859,383.0693602561951
5,5,20,32,0.5,0.8696727752685547,0.8638968467712402,0.8639618158340454,0.3111028969287872,0.3286409676074981,0.8793221701418363,0.8638968481375359,375.9416062831879
5,1,20,64,0.2,0.8461757898330688,0.8343675136566162,0.8329355716705322,0.350694864988327,0.3876173794269562,0.8613529016762752,0.8343675417661098,356.08700466156006
5,2,20,64,0.2,0.8593036532402039,0.8482100367546082,0.8329355716705322,0.3310775756835937,0.3402568697929382,0.8674953202920035,0.8482100238663485,336.61541056633
5,3,20,64,0.2,0.8632039427757263,0.810501217842102,0.8412888050079346,0.327519029378891,0.4218184649944305,0.8517717842310052,0.8105011933174224,397.46541810035706
5,4,20,64,0.2,0.8485540151596069,0.8429594039916992,0.8544152975082397,0.3439793586730957,0.3370025753974914,0.8570767248897688,0.8429594272076373,375.45038533210754
5,5,20,64,0.2,0.8677701950073242,0.8557783961296082,0.8544152975082397,0.3127173483371734,0.3369039595127105,0.8676517234391743,0.8557784145176696,382.1321613788605
5,1,20,64,0.3,0.8656772971153259,0.8763723373413086,0.8639618158340454,0.3183494806289673,0.306988000869751,0.8797222705039364,0.8763723150357995,368.9103960990906
5,2,20,64,0.3,0.8616818785667419,0.8415274620056152,0.8317422270774841,0.3302683234214782,0.3636752068996429,0.8695367515626822,0.841527446300716,375.8253617286682
5,3,20,64,0.3,0.858066976070404,0.8381861448287964,0.8520286679267883,0.3341676890850067,0.3585215806961059,0.8564185772354181,0.8381861575178997,374.93127703666687
5,4,20,64,0.3,0.8584474921226501,0.8324582576751709,0.8424820899963379,0.3263216614723205,0.3575348258018493,0.8690486541255491,0.8324582338902148,372.9165284633637
5,5,20,64,0.3,0.8694825172424316,0.8677172660827637,0.8508353233337402,0.3098780512809753,0.3166812658309936,0.8821117095552449,0.8677172874880611,377.8156216144562
5,1,20,64,0.5,0.8569254279136658,0.8463007211685181,0.8353222012519836,0.3387585580348968,0.3424000740051269,0.8663173301589676,0.8463007159904534,389.1142961978912
5,2,20,64,0.5,0.8736681938171387,0.8606204986572266,0.8377088308334351,0.3114310801029205,0.3157403767108917,0.8759907175548111,0.8606205250596659,368.1688716411591
5,3,20,64,0.5,0.8657724261283875,0.8458234071731567,0.8747016787528992,0.3261681199073791,0.332130491733551,0.848070506610281,0.8458233890214797,380.7827408313751
5,4,20,64,0.5,0.8582572340965271,0.8472553491592407,0.8568019270896912,0.3278758823871612,0.3447382152080536,0.8713548027364484,0.847255369928401,382.2251970767975
5,5,20,64,0.5,0.870814323425293,0.8638968467712402,0.8603818416595459,0.3127902150154114,0.3180862963199615,0.8748273773299178,0.8638968481375359,379.3946206569672
5,1,30,16,0.2,0.8418949842453003,0.8391408324241638,0.8269689679145813,0.3712886273860931,0.3654868602752685,0.8678166164192318,0.8391408114558473,845.5338587760925
5,2,30,16,0.2,0.9003044366836548,0.8735083341598511,0.861575186252594,0.2437975853681564,0.287237286567688,0.8825864366763707,0.8735083532219571,771.168662071228
5,3,30,16,0.2,0.8945015072822571,0.852983295917511,0.8723150491714478,0.2593183517456054,0.3152129054069519,0.8717562957409305,0.8529832935560859,754.6453220844269
5,4,30,16,0.2,0.896308958530426,0.8687350749969482,0.8747016787528992,0.2435715943574905,0.3068462312221527,0.8845492282864769,0.8687350835322196,835.8193063735962
5,5,30,16,0.2,0.8951674103736877,0.8605539798736572,0.8675417900085449,0.2440457940101623,0.3290556371212005,0.8714657750433942,0.8605539637058262,900.9876029491425
5,1,30,16,0.3,0.8958333134651184,0.8825775384902954,0.8758949637413025,0.2585561275482178,0.2742771208286285,0.8914909108612491,0.8825775656324583,730.8368949890137
5,2,30,16,0.3,0.8512176275253296,0.829116940498352,0.8126491904258728,0.3530926704406738,0.376522034406662,0.8643659509973463,0.8291169451073985,829.3997488021851
5,3,30,16,0.3,0.8794710636138916,0.8510739803314209,0.8627684712409973,0.2867410182952881,0.3084299266338348,0.8595034622124159,0.8510739856801909,764.5762190818787
5,4,30,16,0.3,0.9075342416763306,0.8682577610015869,0.8902148008346558,0.2299569696187973,0.3124752640724182,0.8810387474528834,0.8682577565632458,821.1490445137024
5,5,30,16,0.3,0.9091514348983764,0.8777459263801575,0.8687350749969482,0.2257073372602462,0.2951566576957702,0.8888615191131449,0.87774594078319,833.0335009098053
5,1,30,16,0.5,0.8972602486610413,0.8811455965042114,0.8699284195899963,0.2450508177280426,0.279806524515152,0.886858569708118,0.881145584725537,816.3123395442963
5,2,30,16,0.5,0.8928843140602112,0.8510739803314209,0.8389021754264832,0.2549434900283813,0.3436655104160309,0.8818096118384445,0.8510739856801909,804.8333127498627
5,3,30,16,0.5,0.8885083794593811,0.8420047760009766,0.8711217045783997,0.269438087940216,0.3733081817626953,0.8705658519310321,0.8420047732696897,823.4069583415985
5,4,30,16,0.5,0.8917427659034729,0.8739857077598572,0.8758949637413025,0.2577507793903351,0.3029935956001282,0.8862860256792783,0.8739856801909308,869.4243075847626
5,5,30,16,0.5,0.8577815890312195,0.856733500957489,0.8520286679267883,0.3382725417613983,0.3252429664134979,0.8675111743286559,0.8567335243553008,796.1871855258942
5,1,30,32,0.2,0.8738584518432617,0.8596658706665039,0.8532219529151917,0.2963004112243652,0.31297567486763,0.8791519074864997,0.8596658711217183,642.0580554008484
5,2,30,32,0.2,0.8655821681022644,0.8558472394943237,0.8377088308334351,0.32325479388237,0.3086904883384704,0.8741863104646624,0.8558472553699285,708.373827457428
5,3,30,32,0.2,0.8389459848403931,0.808591902256012,0.8126491904258728,0.3775689303874969,0.4158786833286285,0.845242807734077,0.8085918854415275,645.0553686618805
5,4,30,32,0.2,0.8795661926269531,0.8682577610015869,0.8758949637413025,0.2782197594642639,0.3175387978553772,0.8867516029909034,0.8682577565632458,707.0938675403595
5,5,30,32,0.2,0.8794710636138916,0.8653295040130615,0.8627684712409973,0.2875482439994812,0.3083320260047912,0.867758068017447,0.8653295128939829,664.5680356025696
5,1,30,32,0.3,0.8900304436683655,0.8706443905830383,0.8603818416595459,0.2686077654361725,0.3102374374866485,0.8846129130723412,0.8706443914081146,729.3578178882599
5,2,30,32,0.3,0.8895547986030579,0.871599018573761,0.8532219529151917,0.2708998620510101,0.2972920536994934,0.8800143133421978,0.871599045346062,656.2234618663788
5,3,30,32,0.3,0.8481734991073608,0.8052505850791931,0.818615734577179,0.3660090267658233,0.4274662435054779,0.8514121810390896,0.8052505966587112,753.3093755245209
5,4,30,32,0.3,0.8851788640022278,0.8496419787406921,0.8687350749969482,0.2716516256332397,0.3308680355548858,0.876758918828445,0.8496420047732697,682.8483920097351
5,5,30,32,0.3,0.8911719918251038,0.8638968467712402,0.8484486937522888,0.2637603878974914,0.3137201070785522,0.8784337641336242,0.8638968481375359,539.2634589672089
5,1,30,32,0.5,0.8914573788642883,0.8945107460021973,0.8830549120903015,0.2633713781833648,0.2644479274749756,0.8963264835939787,0.894510739856802,507.6998052597046
5,2,30,32,0.5,0.8865106701850891,0.8596658706665039,0.8329355716705322,0.2797445058822632,0.3233272433280945,0.8818562700451062,0.8596658711217183,515.9662325382233
5,3,30,32,0.5,0.8798515796661377,0.8472553491592407,0.8627684712409973,0.286239743232727,0.3355039656162262,0.8616501558638306,0.847255369928401,519.4209070205688
5,4,30,32,0.5,0.8681507110595703,0.8744630217552185,0.8818615674972534,0.3038739562034607,0.3018679916858673,0.8840030247686854,0.8744630071599045,511.456006526947
5,5,30,32,0.5,0.8833714127540588,0.8677172660827637,0.861575186252594,0.2749943733215332,0.3096388578414917,0.8818211193498748,0.8677172874880611,500.9476892948151
5,1,30,64,0.2,0.8798515796661377,0.8730310201644897,0.861575186252594,0.2890739738941192,0.304700493812561,0.8786375175490542,0.8730310262529833,481.0489780902863
5,2,30,64,0.2,0.8727169036865234,0.8343675136566162,0.8210023641586304,0.3065771758556366,0.3569657504558563,0.8717389593448386,0.8343675417661098,458.0551273822784
5,3,30,64,0.2,0.8795661926269531,0.8420047760009766,0.861575186252594,0.2943491637706756,0.3447132110595703,0.8610480724179861,0.8420047732696897,444.41206312179565
5,4,30,64,0.2,0.8680555820465088,0.8386634588241577,0.8568019270896912,0.3068890273571014,0.3651409149169922,0.8748093830201193,0.8386634844868736,464.5425217151642
5,5,30,64,0.2,0.8823249340057373,0.8748806118965149,0.8818615674972534,0.2873193919658661,0.2964351177215576,0.8745585010356934,0.874880611270296,465.76352286338806
5,1,30,64,0.3,0.8341894745826721,0.8653938174247742,0.8472553491592407,0.3761133551597595,0.3241254389286041,0.8632391868083316,0.8653937947494034,434.8937387466431
5,2,30,64,0.3,0.8763318061828613,0.8458234071731567,0.8293555974960327,0.3011735677719116,0.3716278970241546,0.876172701926067,0.8458233890214797,483.0878343582153
5,3,30,64,0.3,0.8805174827575684,0.8396181464195251,0.8556085824966431,0.2923327684402466,0.3410209417343139,0.8609023252928901,0.839618138424821,516.0432393550873
5,4,30,64,0.3,0.7461948394775391,0.7837708592414856,0.7804296016693115,0.5413771271705627,0.4723463058471679,0.797659595484617,0.7837708830548926,496.5463128089905
5,5,30,64,0.3,0.8772830963134766,0.8610315322875977,0.861575186252594,0.2925210893154144,0.3195703327655792,0.8803346202757837,0.8610315186246418,503.6047480106354
5,1,30,64,0.5,0.86406010389328,0.8596658706665039,0.8412888050079346,0.3150679469108581,0.3290832340717315,0.8730363275402695,0.8596658711217183,483.90622091293335
5,2,30,64,0.5,0.8798515796661377,0.8467780351638794,0.8329355716705322,0.2915787994861603,0.344489574432373,0.875147911117366,0.8467780429594272,469.9847152233124
5,3,30,64,0.5,0.8820395469665527,0.8658711314201355,0.8854415416717529,0.2858228683471679,0.3030445873737335,0.8732916395458162,0.8658711217183771,469.60147643089294
5,4,30,64,0.5,0.868816614151001,0.8706443905830383,0.8806682825088501,0.3098748922348022,0.3089258372783661,0.8813260275051449,0.8706443914081146,481.5686655044556
5,5,30,64,0.5,0.8795661926269531,0.832855761051178,0.8317422270774841,0.2889772951602936,0.347878634929657,0.862796715413132,0.8328557784145176,489.2069709300995
10,1,10,16,0.2,0.8666497468948364,0.8568702340126038,0.8515376448631287,0.3138282597064972,0.3266002237796783,0.8711742291758802,0.8568702290076335,262.49809312820435
10,2,10,16,0.2,0.8584474921226501,0.8444656729698181,0.8430540561676025,0.3377798497676849,0.339243084192276,0.8686342272240076,0.8444656488549618,278.1179337501526
10,3,10,16,0.2,0.8314730525016785,0.8339694738388062,0.814422070980072,0.3887224495410919,0.361127495765686,0.8554389386193378,0.833969465648855,269.5189049243927
10,4,10,16,0.2,0.8540503978729248,0.8559160232543945,0.8536585569381714,0.34121173620224,0.3296245336532593,0.8602900706705273,0.8559160305343512,297.50427412986755
10,5,10,16,0.2,0.8555724620819092,0.8424068689346313,0.847295880317688,0.3441278040409088,0.3641361594200134,0.8626160749085473,0.8424068767908309,274.40659403800964
10,6,10,16,0.2,0.8559107184410095,0.8395415544509888,0.8536585569381714,0.3436430096626282,0.3451518714427948,0.8539566406753846,0.839541547277937,275.5019931793213
10,7,10,16,0.2,0.6665821075439453,0.7793696522712708,0.8006362915039062,0.6141029000282288,0.5126994252204895,0.7834153030396366,0.7793696275071633,289.86826753616333
10,8,10,16,0.2,0.8674953579902649,0.7793696522712708,0.7656415700912476,0.3153885304927826,0.5250335931777954,0.8494735178037642,0.7793696275071633,253.84401512146
10,9,10,16,0.2,0.8659732937812805,0.8643743991851807,0.8451749682426453,0.3135240972042084,0.3179367482662201,0.8911323722486314,0.8643744030563515,302.93622970581055
10,10,10,16,0.2,0.8355318903923035,0.8223495483398438,0.8335101008415222,0.3847126960754394,0.3912516832351684,0.8385873348890609,0.8223495702005731,272.9920766353607
10,1,10,16,0.3,0.858870267868042,0.822519063949585,0.8027571439743042,0.3382338583469391,0.4138817489147186,0.8713629045010853,0.8225190839694656,254.20829701423645
10,2,10,16,0.3,0.8653813600540161,0.8702290058135986,0.8759278655052185,0.3247781097888946,0.3048233091831207,0.8748890685518745,0.8702290076335878,261.386705160141
10,3,10,16,0.3,0.8638592958450317,0.8454198241233826,0.8441145420074463,0.3259333074092865,0.3275962769985199,0.871359285679556,0.8454198473282443,274.51982259750366
10,4,10,16,0.3,0.8232707381248474,0.8244274854660034,0.8239660859107971,0.4029442071914673,0.3994813561439514,0.8381743744331346,0.8244274809160306,272.75794506073
10,5,10,16,0.3,0.8444951772689819,0.8127985000610352,0.8388122916221619,0.3628596067428589,0.3994694650173187,0.8431571037710207,0.8127984718242598,317.3178985118866
10,6,10,16,0.3,0.8674107789993286,0.8290353417396545,0.8419936299324036,0.3171299695968628,0.3587890863418579,0.8614917047768926,0.8290353390639924,250.8803007602692
10,7,10,16,0.3,0.861745297908783,0.8471824526786804,0.8409332036972046,0.3227960169315338,0.3702539503574371,0.8695697010237767,0.8471824259789876,371.8824276924133
10,8,10,16,0.3,0.8576018810272217,0.8309455513954163,0.7974549531936646,0.3317091763019562,0.3846852481365204,0.8754197622392464,0.830945558739255,251.0375554561615
10,9,10,16,0.3,0.8582783937454224,0.8605539798736572,0.8663839101791382,0.3262408375740051,0.3263329267501831,0.8838017373747128,0.8605539637058262,254.4564471244812
10,10,10,16,0.3,0.861068844795227,0.8395415544509888,0.8462353944778442,0.3248779773712158,0.3500297963619232,0.8533797204464804,0.839541547277937,251.568127155304
10,1,10,16,0.5,0.8555724620819092,0.8416030406951904,0.8176034092903137,0.3349928259849548,0.3623823523521423,0.8730567833099903,0.8416030534351145,284.5909249782562
10,2,10,16,0.5,0.8283443450927734,0.8597328066825867,0.8515376448631287,0.4011858999729156,0.3419922888278961,0.8644214389313135,0.8597328244274809,281.4186758995056
10,3,10,16,0.5,0.8630136847496033,0.864503800868988,0.8525980710983276,0.3280257284641266,0.3053283095359802,0.8834361092229868,0.8645038167938931,262.4636182785034
10,4,10,16,0.5,0.8492305278778076,0.8463740348815918,0.8674443364143372,0.3533810973167419,0.3421570658683777,0.8559062070552083,0.8463740458015268,280.5797975063324
10,5,10,16,0.5,0.8562489151954651,0.8404966592788696,0.847295880317688,0.3420772552490234,0.3573499321937561,0.8575772059518267,0.8404966571155683,263.04854130744934
10,6,10,16,0.5,0.863943874835968,0.8385864496231079,0.8388122916221619,0.3266774117946625,0.368511289358139,0.8667633563876987,0.8385864374403056,284.6994159221649
10,7,10,16,0.5,0.5991036891937256,0.4403056204319,0.4305408298969269,0.6745052337646484,0.6731100678443909,0.6446136363361938,0.440305635148042,283.3697428703308
10,8,10,16,0.5,0.8652122616767883,0.8557783961296082,0.8356309533119202,0.3212889730930328,0.3271291255950928,0.8810226052058089,0.8557784145176696,279.529634475708
10,9,10,16,0.5,0.8647894263267517,0.8586437702178955,0.8536585569381714,0.324782520532608,0.3307830095291137,0.879881921026262,0.8586437440305635,260.11321663856506
10,10,10,16,0.5,0.8515136241912842,0.8433619737625122,0.8536585569381714,0.3481873869895935,0.3442933261394501,0.8522807534543047,0.8433619866284623,267.4058725833893
10,1,10,32,0.2,0.8600541353225708,0.8835877776145935,0.848356306552887,0.3337981402873993,0.3057529330253601,0.892211568497296,0.8835877862595419,176.04905676841736
10,2,10,32,0.2,0.8271604776382446,0.8358778357505798,0.8462353944778442,0.4043197631835937,0.3791613280773163,0.8546422659392086,0.8358778625954199,174.81312227249146
10,3,10,32,0.2,0.8549805283546448,0.8511450290679932,0.8303287625312805,0.3457590043544769,0.3366402983665466,0.8783427529849286,0.851145038167939,180.24682307243347
10,4,10,32,0.2,0.8543040752410889,0.8482824563980103,0.8653234243392944,0.338088184595108,0.3346708714962005,0.8562978953715201,0.8482824427480916,176.02400851249695
10,5,10,32,0.2,0.8511753678321838,0.832855761051178,0.8398727178573608,0.3457328975200653,0.3618140518665313,0.859028960016301,0.8328557784145176,179.79368495941162
10,6,10,32,0.2,0.8618298768997192,0.8385864496231079,0.8377518653869629,0.3346869349479675,0.3458163142204284,0.8616683414093637,0.8385864374403056,180.72014546394348
10,7,10,32,0.2,0.855995237827301,0.850047767162323,0.8409332036972046,0.3446411490440368,0.3456723988056183,0.8712916001501805,0.8500477554918816,177.29738640785217
10,8,10,32,0.2,0.8549805283546448,0.8672397136688232,0.848356306552887,0.3369646966457367,0.3142030239105224,0.8776687446296468,0.8672397325692455,185.4077084064484
10,9,10,32,0.2,0.8530356884002686,0.8395415544509888,0.8186638355255127,0.3390771746635437,0.380038857460022,0.8769977714103789,0.839541547277937,184.9593970775604
10,10,10,32,0.2,0.8574327826499939,0.8404966592788696,0.8642629981040955,0.3330242037773132,0.3886128067970276,0.8456154529625317,0.8404966571155683,179.5048866271973
10,1,10,32,0.3,0.8446642756462097,0.8158397078514099,0.8048780560493469,0.3581926226615906,0.3973576724529266,0.8544708021816511,0.8158396946564885,179.8936858177185
10,2,10,32,0.3,0.8524437546730042,0.8406488299369812,0.8419936299324036,0.3482590615749359,0.3499323427677154,0.8664139588435467,0.8406488549618321,185.45040893554688
10,3,10,32,0.3,0.8492305278778076,0.8320610523223877,0.8133615851402283,0.3474906682968139,0.3475031554698944,0.8696698359687386,0.8320610687022901,185.7240509986877
10,4,10,32,0.3,0.8484694957733154,0.8244274854660034,0.8377518653869629,0.354392260313034,0.3961625695228576,0.856554115581954,0.8244274809160306,176.05496191978455
10,5,10,32,0.3,0.8400980830192566,0.8357211351394653,0.8398727178573608,0.3655433058738708,0.35582235455513,0.8508628609997216,0.8357211079274116,179.58163356781006
10,6,10,32,0.3,0.8565871715545654,0.8280802369117737,0.8303287625312805,0.3349576890468597,0.3913956880569458,0.8601751271567973,0.828080229226361,174.8397033214569
10,7,10,32,0.3,0.8427194356918335,0.8357211351394653,0.8515376448631287,0.3531100153923034,0.3374208509922027,0.8502755063285453,0.8357211079274116,178.00204133987427
10,8,10,32,0.3,0.8454253077507019,0.8548232913017273,0.8388122916221619,0.3596176505088806,0.341219812631607,0.8722850815581619,0.8548233046800382,183.051527261734
10,9,10,32,0.3,0.706494152545929,0.6676217913627625,0.6458112597465515,0.5897144079208374,0.6092754602432251,0.7764481063544264,0.667621776504298,180.39757895469663
10,10,10,32,0.3,0.8520209789276123,0.8357211351394653,0.8600212335586548,0.350974291563034,0.3607151508331299,0.842482191760271,0.8357211079274116,176.05874228477478
10,1,10,32,0.5,0.5186876654624939,0.7061068415641785,0.6998939514160156,0.6924141049385071,0.6771965026855469,0.7933121534365853,0.7061068702290076,173.92123532295227
10,2,10,32,0.5,0.851936399936676,0.8759542107582092,0.8632025718688965,0.3498719334602356,0.3052540421485901,0.8808771907896998,0.8759541984732825,189.3592727184296
10,3,10,32,0.5,0.8493996262550354,0.847328245639801,0.8260869383811951,0.3539333343505859,0.3390429317951202,0.875436413676087,0.8473282442748091,176.85748624801636
10,4,10,32,0.5,0.8524437546730042,0.8406488299369812,0.8600212335586548,0.3462112545967102,0.3590548634529114,0.8595479144113474,0.8406488549618321,172.78621459007263
10,5,10,32,0.5,0.8350245356559753,0.8290353417396545,0.8419936299324036,0.3805977404117584,0.3925809860229492,0.8441278054550745,0.8290353390639924,174.25847744941711
10,6,10,32,0.5,0.8372230529785156,0.8338108658790588,0.8345705270767212,0.3755886852741241,0.3609115779399872,0.8472835007533299,0.833810888252149,180.4445853233337
10,7,10,32,0.5,0.857010006904602,0.8557783961296082,0.8610816597938538,0.3415558040142059,0.3311653137207031,0.8660695028193642,0.8557784145176696,171.76601934432983
10,8,10,32,0.5,0.8547268509864807,0.8529130816459656,0.8282078504562378,0.3462524116039276,0.3532675206661224,0.8771847609508797,0.8529130850047756,179.0605764389038
10,9,10,32,0.5,0.851006269454956,0.8758357167243958,0.8663839101791382,0.352200299501419,0.315946102142334,0.8862352268497369,0.8758357211079274,177.52829551696777
10,10,10,32,0.5,0.6828175187110901,0.6552053689956665,0.6945917010307312,0.6075078845024109,0.6302684545516968,0.7342444325449834,0.6552053486150907,173.62129735946655
10,1,10,64,0.2,0.8429731130599976,0.8454198241233826,0.803817629814148,0.3634856641292572,0.3782027959823608,0.8699074185911682,0.8454198473282443,161.97227001190186
10,2,10,64,0.2,0.8402671813964844,0.8797709941864014,0.8610816597938538,0.3680920898914337,0.3100197315216064,0.8815427816430119,0.8797709923664122,169.64737343788147
10,3,10,64,0.2,0.8362083435058594,0.8597328066825867,0.8366914391517639,0.3723190426826477,0.3232669830322265,0.8674246743897311,0.8597328244274809,152.71448349952698
10,4,10,64,0.2,0.8294435739517212,0.819656491279602,0.8260869383811951,0.3837049305438995,0.3911416828632355,0.850791837580864,0.8196564885496184,155.27249574661255
10,5,10,64,0.2,0.8450871109962463,0.8309455513954163,0.8515376448631287,0.3557530641555786,0.3502599000930786,0.8354231188869911,0.830945558739255,158.43406343460083
10,6,10,64,0.2,0.8420429825782776,0.8319006562232971,0.847295880317688,0.3680594265460968,0.3568640947341919,0.8508937522195987,0.8319006685768864,164.63699650764465
10,7,10,64,0.2,0.8316421508789062,0.8357211351394653,0.8324496150016785,0.3778363466262817,0.364080548286438,0.8572014367091237,0.8357211079274116,166.23360514640808
10,8,10,64,0.2,0.8402671813964844,0.8471824526786804,0.8462353944778442,0.3671169877052307,0.3612846732139587,0.8590801155228089,0.8471824259789876,162.26157593727112
10,9,10,64,0.2,0.8473702073097229,0.856733500957489,0.8557794094085693,0.3557629883289337,0.3416107594966888,0.8716850206155198,0.8567335243553008,161.6030819416046
10,10,10,64,0.2,0.8395061492919922,0.8175740242004395,0.8356309533119202,0.3623806238174438,0.3730805218219757,0.8336874089379362,0.8175740210124164,169.31405115127563
10,1,10,64,0.3,0.8411127924919128,0.8597328066825867,0.8271474242210388,0.3648370206356048,0.3398694097995758,0.8640308072321977,0.8597328244274809,159.9534034729004
10,2,10,64,0.3,0.8513444662094116,0.864503800868988,0.8547189831733704,0.3544737994670868,0.3242762982845306,0.8667678114807654,0.8645038167938931,167.42970991134644
10,3,10,64,0.3,0.8421275019645691,0.8177480697631836,0.8176034092903137,0.3657372593879699,0.3762556910514831,0.8571690834010158,0.8177480916030534,166.3183877468109
10,4,10,64,0.3,0.8305428624153137,0.8043892979621887,0.81654292345047,0.3796274363994598,0.4043602049350738,0.8338354616226797,0.8043893129770993,153.3917429447174
10,5,10,64,0.3,0.8173515796661377,0.8424068689346313,0.8345705270767212,0.4184941947460174,0.3646129369735718,0.8458887539720485,0.8424068767908309,156.1947853565216
10,6,10,64,0.3,0.835870087146759,0.8395415544509888,0.8525980710983276,0.3796633183956146,0.3469926118850708,0.8539566406753846,0.839541547277937,161.70708656311035
10,7,10,64,0.3,0.8367156982421875,0.8299904465675354,0.8568398952484131,0.3697119355201721,0.3433527052402496,0.8378346563076042,0.8299904489016237,167.97771382331848
10,8,10,64,0.3,0.5150516033172607,0.6991404294967651,0.6967126131057739,0.6936517953872681,0.6701667308807373,0.7898301366858146,0.6991404011461319,156.69663047790527
10,9,10,64,0.3,0.8288516998291016,0.8347659707069397,0.8356309533119202,0.3861484229564667,0.3736657500267029,0.8630968977283867,0.8347659980897804,153.30198550224304
10,10,10,64,0.3,0.8415356278419495,0.813753604888916,0.8207847476005554,0.3609636723995209,0.4071733355522156,0.845234816944961,0.8137535816618912,172.31217908859253
10,1,10,64,0.5,0.8343480229377747,0.8358778357505798,0.8218451738357544,0.3738001585006714,0.3665124475955963,0.8593325469950177,0.8358778625954199,154.15931630134585
10,2,10,64,0.5,0.83155757188797,0.8244274854660034,0.8313891887664795,0.3838666975498199,0.388028085231781,0.856554115581954,0.8244274809160306,162.6042139530182
10,3,10,64,0.5,0.7754946947097778,0.8034350872039795,0.781548261642456,0.4860625267028808,0.4194665849208832,0.8310631108085769,0.8034351145038168,163.1119601726532
10,4,10,64,0.5,0.8101640343666077,0.8110687136650085,0.7963944673538208,0.4205696582794189,0.4407588541507721,0.8398720395380701,0.8110687022900763,171.0071120262146
10,5,10,64,0.5,0.8373076319694519,0.8051576018333435,0.8292682766914368,0.3764557242393493,0.4008578360080719,0.8343055297194784,0.8051575931232091,167.83183598518372
10,6,10,64,0.5,0.8051750659942627,0.736389696598053,0.7454931139945984,0.4309294521808624,0.52520751953125,0.8316109841148545,0.7363896848137536,167.23102617263794
10,7,10,64,0.5,0.8393370509147644,0.8080229163169861,0.8282078504562378,0.3630372881889343,0.4037437736988067,0.8405153149748626,0.8080229226361032,162.56791853904724
10,8,10,64,0.5,0.8384914398193359,0.8175740242004395,0.815482497215271,0.3761239945888519,0.4012728631496429,0.8496881333426515,0.8175740210124164,156.81970810890198
10,9,10,64,0.5,0.8349399566650391,0.8357211351394653,0.8282078504562378,0.3676470816135406,0.3681768774986267,0.8614132026347812,0.8357211079274116,161.92596125602722
10,10,10,64,0.5,0.8294435739517212,0.8443170785903931,0.8419936299324036,0.390414148569107,0.3577376008033752,0.8555067730638486,0.8443170964660937,154.01068878173828
10,1,20,16,0.2,0.886182963848114,0.8559160232543945,0.8282078504562378,0.2667103111743927,0.3733323514461517,0.8864098015043582,0.8559160305343512,531.7920105457306
10,2,20,16,0.2,0.8862675428390503,0.8492366671562195,0.8557794094085693,0.2744836211204529,0.3532204031944275,0.8811950521974087,0.8492366412213741,564.9646625518799
10,3,20,16,0.2,0.8811094164848328,0.8625954389572144,0.8388122916221619,0.283152163028717,0.2926648557186126,0.8878440844904112,0.8625954198473282,582.1972675323486
10,4,20,16,0.2,0.8877050280570984,0.8444656729698181,0.8632025718688965,0.2671440243721008,0.348308116197586,0.8730701309159139,0.8444656488549618,502.5877470970154
10,5,20,16,0.2,0.8705394864082336,0.8319006562232971,0.848356306552887,0.3140493631362915,0.3606944382190704,0.8535342204713527,0.8319006685768864,531.1120185852051
10,6,20,16,0.2,0.8458481431007385,0.8385864496231079,0.8462353944778442,0.3640874922275543,0.3594690859317779,0.8464343091382112,0.8385864374403056,565.5458881855011
10,7,20,16,0.2,0.8801792860031128,0.8510028719902039,0.8345705270767212,0.2906682193279266,0.336275190114975,0.8790604840873137,0.8510028653295129,590.1043772697449
10,8,20,16,0.2,0.8826314806938171,0.8576886057853699,0.8218451738357544,0.2742344439029693,0.3377449810504913,0.888213970487365,0.8576886341929322,554.920361995697
10,9,20,16,0.2,0.88592928647995,0.8701050877571106,0.8685047626495361,0.2739728689193725,0.3013152480125427,0.8851459766663221,0.8701050620821394,537.480614900589
10,10,20,16,0.2,0.881193995475769,0.8510028719902039,0.8695651888847351,0.2882713377475738,0.3412895202636719,0.8692468141877393,0.8510028653295129,568.106761932373
10,1,20,16,0.3,0.8926940560340881,0.8625954389572144,0.8462353944778442,0.2596931755542755,0.3067969977855682,0.8803187989271077,0.8625954198473282,570.2535789012909
10,2,20,16,0.3,0.8863521218299866,0.8683205842971802,0.8769883513450623,0.2761823534965515,0.2861857414245605,0.8764626015027782,0.8683206106870229,538.4545011520386
10,3,20,16,0.3,0.8864366412162781,0.8606870174407959,0.8409332036972046,0.2779558300971985,0.3032064735889435,0.8831449174437992,0.8606870229007634,538.4302253723145
10,4,20,16,0.3,0.8915102481842041,0.8635495901107788,0.8685047626495361,0.263099193572998,0.3295416533946991,0.8784837395387723,0.8635496183206107,541.3952174186707
10,5,20,16,0.3,0.8903263807296753,0.8462272882461548,0.8600212335586548,0.2650686204433441,0.3059199154376983,0.8697015809291121,0.8462273161413563,534.9827704429626
10,6,20,16,0.3,0.8899036049842834,0.8729704022407532,0.8695651888847351,0.2733328640460968,0.2966134548187256,0.8790080326916809,0.8729703915950334,571.3270883560181
10,7,20,16,0.3,0.8817858695983887,0.8595988750457764,0.8494167327880859,0.2855401039123535,0.3064526915550232,0.8784693405313483,0.8595988538681948,562.2686991691589
10,8,20,16,0.3,0.8837307691574097,0.8777459263801575,0.8388122916221619,0.2781118750572204,0.3144542276859283,0.8902109925280739,0.87774594078319,610.0402774810791
10,9,20,16,0.3,0.8808557391166687,0.8720152974128723,0.8642629981040955,0.2833940684795379,0.2915473282337188,0.8869839255852411,0.8720152817574021,607.7141635417938
10,10,20,16,0.3,0.8799256086349487,0.8634192943572998,0.8950158953666687,0.2865503430366516,0.3126619756221771,0.8715053531716699,0.8634192932187201,579.0015709400177
10,1,20,16,0.5,0.8823778033256531,0.8807252049446106,0.8610816597938538,0.2820169031620025,0.2759994864463806,0.8944386731564116,0.8807251908396947,549.2301001548767
10,2,20,16,0.5,0.88406902551651,0.8864504098892212,0.8759278655052185,0.2781902849674225,0.2851140797138214,0.8882892260754855,0.8864503816793893,581.1101632118225
10,3,20,16,0.5,0.878995418548584,0.8606870174407959,0.848356306552887,0.2975843548774719,0.3250092566013336,0.886012440178094,0.8606870229007634,570.8573477268219
10,4,20,16,0.5,0.8832234144210815,0.8740457892417908,0.8875927925109863,0.2792759239673614,0.2935818433761596,0.8815591366052316,0.8740458015267175,552.288393497467
10,5,20,16,0.5,0.8314730525016785,0.8108882308006287,0.8229056000709534,0.3931633532047272,0.3823119401931762,0.8383183713300312,0.8108882521489972,562.9283258914948
10,6,20,16,0.5,0.887874186038971,0.8481375575065613,0.8674443364143372,0.2718848586082458,0.3278065323829651,0.8687838645544448,0.8481375358166189,668.8957657814026
10,7,20,16,0.5,0.8844072222709656,0.8653295040130615,0.8430540561676025,0.2817393839359283,0.3046478927135467,0.8820713244555287,0.8653295128939829,566.6450934410095
10,8,20,16,0.5,0.8816167712211609,0.8701050877571106,0.8419936299324036,0.2853820621967315,0.3323201239109039,0.8882371880034374,0.8701050620821394,589.7434730529785
10,9,20,16,0.5,0.8493996262550354,0.8548232913017273,0.8451749682426453,0.3512537777423858,0.3282440304756164,0.8675523505989059,0.8548233046800382,570.2507834434509
10,10,20,16,0.5,0.8543886542320251,0.8414517641067505,0.848356306552887,0.3402286171913147,0.3526940047740936,0.8494577337137439,0.8414517669531996,587.3033232688904
10,1,20,32,0.2,0.6216810345649719,0.7662213444709778,0.7539766430854797,0.651565432548523,0.5869623422622681,0.7582649438301392,0.7662213740458015,360.97150707244873
10,2,20,32,0.2,0.8684254884719849,0.8788167834281921,0.8695651888847351,0.3084040880203247,0.2919730246067047,0.8883211261434677,0.8788167938931297,356.9734513759613
10,3,20,32,0.2,0.8795873522758484,0.8673664331436157,0.8663839101791382,0.2933236956596374,0.2914807200431824,0.8718939426914313,0.8673664122137404,352.4825313091278
10,4,20,32,0.2,0.8733299374580383,0.8711832165718079,0.8822905421257019,0.3018523156642914,0.3040640354156494,0.8735209773855901,0.8711832061068703,371.5533332824707
10,5,20,32,0.2,0.878995418548584,0.8404966592788696,0.8557794094085693,0.2908801734447479,0.3329904079437256,0.8656323328083314,0.8404966571155683,364.7658410072327
10,6,20,32,0.2,0.8755285143852234,0.8299904465675354,0.8494167327880859,0.3050282001495361,0.368557721376419,0.8612178523891804,0.8299904489016237,365.69197964668274
10,7,20,32,0.2,0.8486385941505432,0.8271251320838928,0.848356306552887,0.3518712520599365,0.3730494379997253,0.8378165303538947,0.8271251193887297,356.33829736709595
10,8,20,32,0.2,0.8411127924919128,0.8471824526786804,0.8324496150016785,0.3700046241283417,0.3576273322105407,0.8619006584588004,0.8471824259789876,349.86173725128174
10,9,20,32,0.2,0.8757821917533875,0.8701050877571106,0.8727465271949768,0.2969259619712829,0.3021038472652435,0.8834057154500982,0.8701050620821394,364.4667255878449
10,10,20,32,0.2,0.8420429825782776,0.8290353417396545,0.8451749682426453,0.3683871328830719,0.3796307742595672,0.8429630042466325,0.8290353390639924,363.5075654983521
10,1,20,32,0.3,0.8738372921943665,0.8730915784835815,0.8504772186279297,0.2992618978023529,0.2915613651275635,0.8865150341351509,0.8730916030534351,363.7234663963318
10,2,20,32,0.3,0.8734990954399109,0.8788167834281921,0.8685047626495361,0.2983908355236053,0.3025542199611664,0.8868799403631218,0.8788167938931297,355.2172567844391
10,3,20,32,0.3,0.8707931637763977,0.8625954389572144,0.8419936299324036,0.3047239482402801,0.3262687921524048,0.8908626506523185,0.8625954198473282,359.5034785270691
10,4,20,32,0.3,0.8743446469306946,0.8616412281990051,0.8695651888847351,0.2946648299694061,0.3168225288391113,0.8727341628574344,0.8616412213740458,360.8780837059021
10,5,20,32,0.3,0.8806866407394409,0.8414517641067505,0.8398727178573608,0.2942816019058227,0.3711547255516052,0.8676438135915631,0.8414517669531996,361.6299545764923
10,6,20,32,0.3,0.8443260788917542,0.8347659707069397,0.8377518653869629,0.3658746778964996,0.369404673576355,0.8479224678422901,0.8347659980897804,363.0526006221771
10,7,20,32,0.3,0.8752748370170593,0.8701050877571106,0.8738070130348206,0.2976025640964508,0.3034107685089111,0.8796803949647294,0.8701050620821394,359.72668838500977
10,8,20,32,0.3,0.8774733543395996,0.8653295040130615,0.8377518653869629,0.2960646152496338,0.3066819012165069,0.8808504559220891,0.8653295128939829,376.4127290248871
10,9,20,32,0.3,0.871131420135498,0.8796561360359192,0.8716861009597778,0.3004941046237945,0.2845161855220794,0.8853164558560983,0.8796561604584527,362.4927442073822
10,10,20,32,0.3,0.8726534843444824,0.8710601925849915,0.8738070130348206,0.3071926832199096,0.3070602715015411,0.8751514703285457,0.8710601719197708,370.0499496459961
10,1,20,32,0.5,0.8682563900947571,0.8597328066825867,0.8260869383811951,0.3127259910106659,0.3279969990253448,0.8798418276289182,0.8597328244274809,358.572434425354
10,2,20,32,0.5,0.8730762600898743,0.8597328066825867,0.8695651888847351,0.3055428862571716,0.3280035555362701,0.8688537892759343,0.8597328244274809,378.3278646469116
10,3,20,32,0.5,0.8734990954399109,0.8616412281990051,0.8632025718688965,0.3005698621273041,0.3051230013370514,0.8797194780078791,0.8616412213740458,357.2427463531494
10,4,20,32,0.5,0.8685100674629211,0.8435114622116089,0.8600212335586548,0.3071211874485016,0.3703745901584625,0.8666594302100274,0.8435114503816794,358.2218654155731
10,5,20,32,0.5,0.8710468411445618,0.8280802369117737,0.8451749682426453,0.3098697960376739,0.3636219203472137,0.8563030171501183,0.828080229226361,357.1975464820862
10,6,20,32,0.5,0.8827160596847534,0.8319006562232971,0.8536585569381714,0.290355384349823,0.37193563580513,0.8622684363358133,0.8319006685768864,351.18762588500977
10,7,20,32,0.5,0.875190258026123,0.8605539798736572,0.8642629981040955,0.3039916455745697,0.3167002499103546,0.8747780888277257,0.8605539637058262,362.2237060070038
10,8,20,32,0.5,0.8718924522399902,0.8729704022407532,0.8525980710983276,0.3023530840873718,0.3044214844703674,0.885330965945168,0.8729703915950334,372.32664489746094
10,9,20,32,0.5,0.865804135799408,0.8615090847015381,0.8685047626495361,0.3113549053668976,0.3255879580974579,0.8759887544506888,0.8615090735434575,380.15710258483887
10,10,20,32,0.5,0.8724843859672546,0.8481375575065613,0.8727465271949768,0.3048897683620453,0.3367981314659118,0.8608246993982879,0.8481375358166189,363.3995800018311
10,1,20,64,0.2,0.8682563900947571,0.8425572514533997,0.8229056000709534,0.309492826461792,0.3623318672180176,0.8727876002359255,0.8425572519083969,360.7346575260162
10,2,20,64,0.2,0.8629291653633118,0.875,0.8568398952484131,0.3200407922267914,0.3131094574928283,0.8851305729321814,0.875,352.70226669311523
10,3,20,64,0.2,0.867749035358429,0.8730915784835815,0.8441145420074463,0.3157191872596741,0.2886459827423095,0.88132637090029,0.8730916030534351,498.051061630249
10,4,20,64,0.2,0.8675799369812012,0.8358778357505798,0.8610816597938538,0.3183334767818451,0.3360391855239868,0.8515465706088985,0.8358778625954199,523.3992049694061
10,5,20,64,0.2,0.8750211596488953,0.8490926623344421,0.8600212335586548,0.3044203817844391,0.3270213305950165,0.868054452874909,0.8490926456542502,479.8831579685211
10,6,20,64,0.2,0.8616607189178467,0.8672397136688232,0.8610816597938538,0.3312208354473114,0.3195254206657409,0.8721843259742618,0.8672397325692455,412.8678913116455
10,7,20,64,0.2,0.8671571016311646,0.8787010312080383,0.8759278655052185,0.316757321357727,0.2885610163211822,0.8812654615241572,0.8787010506208214,405.9750301837921
10,8,20,64,0.2,0.8582783937454224,0.8662846088409424,0.848356306552887,0.3258800208568573,0.3059722185134887,0.8791616109035958,0.8662846227316141,367.2745509147644
10,9,20,64,0.2,0.861068844795227,0.862464189529419,0.8642629981040955,0.3180642426013946,0.3188207149505615,0.8777941809906462,0.8624641833810889,374.7793052196503
10,10,20,64,0.2,0.7231523990631104,0.6943648457527161,0.7168610692024231,0.5701236724853516,0.5769084095954895,0.7608740661774994,0.6943648519579751,395.8187403678894
10,1,20,64,0.3,0.8649585843086243,0.8587786555290222,0.8388122916221619,0.3216280341148376,0.3426313698291778,0.8792597377357755,0.8587786259541985,397.8014137744904
10,2,20,64,0.3,0.8384069204330444,0.8463740348815918,0.8568398952484131,0.3816295862197876,0.3457863926887512,0.8579807629050736,0.8463740458015268,423.7263572216034
10,3,20,64,0.3,0.8705394864082336,0.8463740348815918,0.8282078504562378,0.3107962310314178,0.3690149486064911,0.8796656472503013,0.8463740458015268,440.9649112224579
10,4,20,64,0.3,0.8686791658401489,0.857824444770813,0.8748674392700195,0.3176656365394592,0.3213656544685364,0.8655702112200293,0.857824427480916,482.4070584774017
10,5,20,64,0.3,0.8700321316719055,0.8557783961296082,0.8568398952484131,0.3123185038566589,0.332396924495697,0.8704711876446776,0.8557784145176696,479.3596198558808
10,6,20,64,0.3,0.8671571016311646,0.8595988750457764,0.8716861009597778,0.3193001747131347,0.3141927123069763,0.8639198459400786,0.8595988538681948,516.2110664844513
10,7,20,64,0.3,0.8686791658401489,0.8634192943572998,0.8642629981040955,0.3139931857585907,0.3103770911693573,0.8724648209486919,0.8634192932187201,531.190128326416
10,8,20,64,0.3,0.8613225221633911,0.8643743991851807,0.8441145420074463,0.3230629861354828,0.3402718305587768,0.8860676530437218,0.8643744030563515,554.1210505962372
10,9,20,64,0.3,0.8675799369812012,0.8615090847015381,0.8494167327880859,0.3132733106613159,0.3277197480201721,0.8822923665178714,0.8615090735434575,374.49536180496216
10,10,20,64,0.3,0.8619143962860107,0.837631344795227,0.8547189831733704,0.3319186866283417,0.3557849526405334,0.8604041721238072,0.8376313276026743,316.1522214412689
10,1,20,64,0.5,0.8713005185127258,0.8759542107582092,0.8579003214836121,0.3101117312908172,0.3090592920780182,0.8884352459249546,0.8759541984732825,359.73772740364075
10,2,20,64,0.5,0.8620835542678833,0.8711832165718079,0.858960747718811,0.3271281719207763,0.2946886718273163,0.8748860202100748,0.8711832061068703,318.9842505455017
10,3,20,64,0.5,0.8652967810630798,0.8406488299369812,0.8260869383811951,0.3177744150161743,0.3535241484642029,0.8792440492153449,0.8406488549618321,344.6520595550537
10,4,20,64,0.5,0.8669880032539368,0.8396946787834167,0.8494167327880859,0.312067449092865,0.3726749420166015,0.8688732230678415,0.8396946564885496,331.26281476020813
10,5,20,64,0.5,0.8644512295722961,0.8347659707069397,0.8356309533119202,0.3244355618953705,0.3877850174903869,0.8661992064046716,0.8347659980897804,323.1762447357178
10,6,20,64,0.5,0.864874005317688,0.8443170785903931,0.8632025718688965,0.3256918787956238,0.3452084064483642,0.8644502106866436,0.8443170964660937,318.72504687309265
10,7,20,64,0.5,0.8647049069404602,0.8586437702178955,0.8568398952484131,0.3214867413043976,0.3151086568832397,0.864403373501618,0.8586437440305635,321.43152594566345
10,8,20,64,0.5,0.8719769716262817,0.8481375575065613,0.8356309533119202,0.3104208111763,0.3624042868614197,0.8759295030359787,0.8481375358166189,509.17950773239136
10,9,20,64,0.5,0.8715541958808899,0.8758357167243958,0.8769883513450623,0.3025132119655609,0.2977684736251831,0.8828798804445267,0.8758357211079274,543.2694644927979
10,10,20,64,0.5,0.8592085242271423,0.8366762399673462,0.8579003214836121,0.3271593749523163,0.354226142168045,0.8465498016516381,0.836676217765043,468.4576692581177
10,1,30,16,0.2,0.8987823724746704,0.8721374273300171,0.8632025718688965,0.2457288056612014,0.2889891564846039,0.8821086784524172,0.8721374045801527,947.5894513130188
10,2,30,16,0.2,0.6030779480934143,0.7643129825592041,0.7794273495674133,0.6747105121612549,0.551396369934082,0.7534570663796399,0.7643129770992366,770.8605725765228
10,3,30,16,0.2,0.9005581140518188,0.8769084215164185,0.8663839101791382,0.2381339371204376,0.2799496054649353,0.889081177689691,0.8769083969465649,812.9396605491638
10,4,30,16,0.2,0.8285980224609375,0.7433205842971802,0.7423117756843567,0.3817687928676605,0.5181690454483032,0.743549030581193,0.7433206106870229,791.8472442626953
10,5,30,16,0.2,0.9018265008926392,0.862464189529419,0.8632025718688965,0.2422855794429779,0.3058665692806244,0.8777941809906462,0.8624641833810889,853.530193567276
10,6,30,16,0.2,0.9036022424697876,0.873925507068634,0.8674443364143372,0.23698391020298,0.3032189607620239,0.8777755031793538,0.8739255014326648,801.3197717666626
10,7,30,16,0.2,0.8678336143493652,0.8414517641067505,0.8345705270767212,0.3124863505363464,0.3472990691661834,0.8698937419982229,0.8414517669531996,793.1439161300659
10,8,30,16,0.2,0.906308114528656,0.8758357167243958,0.858960747718811,0.2251706719398498,0.2935320734977722,0.890659823423079,0.8758357211079274,779.9798312187195
10,9,30,16,0.2,0.8657196164131165,0.8586437702178955,0.8345705270767212,0.318252831697464,0.3348588645458221,0.883406578053153,0.8586437440305635,848.8987855911255
10,10,30,16,0.2,0.8914256691932678,0.8395415544509888,0.8557794094085693,0.2624162137508392,0.3776094317436218,0.8650787652045099,0.839541547277937,801.905375957489
10,1,30,16,0.3,0.9028412103652954,0.8654580116271973,0.8494167327880859,0.2316648662090301,0.2914505898952484,0.888074343760465,0.8654580152671756,745.3392486572266
10,2,30,16,0.3,0.904194176197052,0.8940839767456055,0.891834557056427,0.2332587093114853,0.2815520167350769,0.8976974362872313,0.8940839694656488,798.5859150886536
10,3,30,16,0.3,0.8975985050201416,0.8683205842971802,0.8557794094085693,0.2502752244472503,0.2836126387119293,0.8805237055018128,0.8683206106870229,821.1235518455505
10,4,30,16,0.3,0.9056316614151,0.8673664331436157,0.8833510279655457,0.2303741127252578,0.311480700969696,0.8793310429348556,0.8673664122137404,758.5908651351929
10,5,30,16,0.3,0.8074581623077393,0.7755491733551025,0.8101802468299866,0.44167396426200867,0.46443161368370056,0.8174879531648854,0.775549188156638,824.8044626712799
10,6,30,16,0.3,0.8782343864440918,0.8462272882461548,0.8632025718688965,0.2913145422935486,0.32995063066482544,0.8718585863768473,0.8462273161413563,820.2602427005768
10,7,30,16,0.3,0.9018265008926392,0.8806112408638,0.8685047626495361,0.24016913771629333,0.31836798787117004,0.8825298991867846,0.8806112702960841,757.499834060669
10,8,30,16,0.3,0.8726534843444824,0.8681948184967041,0.847295880317688,0.30445411801338196,0.32120633125305176,0.8857645699590659,0.8681948424068768,844.9687871932983
10,9,30,16,0.3,0.9026720523834229,0.8767908215522766,0.8685047626495361,0.2339450865983963,0.2826000154018402,0.8804056192354867,0.8767908309455588,840.4198980331421
10,10,30,16,0.3,0.899120569229126,0.8662846088409424,0.8844114542007446,0.2388894110918045,0.3061896860599518,0.8735959507970871,0.8662846227316141,798.1702575683594
10,1,30,16,0.5,0.8609842658042908,0.8616412281990051,0.8388122916221619,0.33343425393104553,0.3219492733478546,0.8778480275042247,0.8616412213740458,765.6620855331421
10,2,30,16,0.5,0.8543886542320251,0.8559160232543945,0.858960747718811,0.33673056960105896,0.32377925515174866,0.8729578669222097,0.8559160305343512,826.7688291072845
10,3,30,16,0.5,0.8960764408111572,0.8692747950553894,0.8557794094085693,0.2502139210700989,0.28196579217910767,0.8870545920429815,0.8692748091603053,803.0828626155853
10,4,30,16,0.5,0.898190438747406,0.8540076613426208,0.8748674392700195,0.24731779098510742,0.3166266977787018,0.8730286130891961,0.8540076335877863,761.2031331062317
10,5,30,16,0.5,0.871131420135498,0.832855761051178,0.8536585569381714,0.31561583280563354,0.3541741669178009,0.8521340053911853,0.8328557784145176,840.332849740982
10,6,30,16,0.5,0.9004735350608826,0.8557783961296082,0.8748674392700195,0.2474401742219925,0.31011202931404114,0.8676517234391743,0.8557784145176696,745.2012679576874
10,7,30,16,0.5,0.8883815407752991,0.8758357167243958,0.8780487775802612,0.2605925500392914,0.2969852089881897,0.8828798804445267,0.8758357211079274,779.9889373779297
10,8,30,16,0.5,0.8699475526809692,0.869149923324585,0.847295880317688,0.31235286593437195,0.31373661756515503,0.8845255879639833,0.8691499522445081,821.2173757553101
10,9,30,16,0.5,0.8927786350250244,0.8758357167243958,0.8632025718688965,0.26166242361068726,0.2842414379119873,0.8828798804445267,0.8758357211079274,822.5723311901093
10,10,30,16,0.5,0.8893962502479553,0.8605539798736572,0.8812301158905029,0.2623414695262909,0.32473787665367126,0.8704360074003661,0.8605539637058262,761.2746970653534
10,1,30,32,0.2,0.8664806485176086,0.8559160232543945,0.8335101008415222,0.3203480839729309,0.3295455873012543,0.877528110612323,0.8559160305343512,530.5307099819183
10,2,30,32,0.2,0.8863521218299866,0.8816794157028198,0.8716861009597778,0.27170589566230774,0.2950374484062195,0.8894264801757772,0.8816793893129771,540.3149840831757
10,3,30,32,0.2,0.88499915599823,0.8635495901107788,0.8600212335586548,0.2760135233402252,0.29566091299057007,0.8841767780657397,0.8635496183206107,530.8340027332306
10,4,30,32,0.2,0.8838998675346375,0.8664122223854065,0.8791092038154602,0.2774152457714081,0.3079265058040619,0.879795242515865,0.8664122137404581,531.6488769054413
10,5,30,32,0.2,0.8916793465614319,0.8424068689346313,0.8547189831733704,0.26245272159576416,0.34631696343421936,0.8653343731037091,0.8424068767908309,536.6567142009735
10,6,30,32,0.2,0.8845763802528381,0.8395415544509888,0.8568398952484131,0.27822044491767883,0.3436104357242584,0.85759806304882,0.839541547277937,528.3063464164734
10,7,30,32,0.2,0.8877896070480347,0.873925507068634,0.8621420860290527,0.2740621864795685,0.2897922396659851,0.8828874061901956,0.8739255014326648,533.7365107536316
10,8,30,32,0.2,0.8837307691574097,0.8882521390914917,0.8632025718688965,0.280611127614975,0.28982943296432495,0.8965287674388132,0.8882521489971347,539.8385446071625
10,9,30,32,0.2,0.8889734745025635,0.8796561360359192,0.8610816597938538,0.2647903263568878,0.2945639491081238,0.8980557424202761,0.8796561604584527,539.016604423523
10,10,30,32,0.2,0.8853374123573303,0.8643743991851807,0.8706256747245789,0.2717877924442291,0.33349400758743286,0.8833810172968729,0.8643744030563515,530.8375661373138
10,1,30,32,0.3,0.8944697976112366,0.875,0.8557794094085693,0.2577439546585083,0.30363839864730835,0.8889250489626945,0.875,529.3388118743896
10,2,30,32,0.3,0.8791645765304565,0.8711832165718079,0.8579003214836121,0.28656262159347534,0.3089015781879425,0.8830146898793055,0.8711832061068703,532.2429831027985
10,3,30,32,0.3,0.8904109597206116,0.8616412281990051,0.8515376448631287,0.2665645182132721,0.2838161289691925,0.883024053727167,0.8616412213740458,535.6202461719513
10,4,30,32,0.3,0.8829697370529175,0.8311068415641785,0.8579003214836121,0.27080264687538147,0.3468857407569885,0.8649858003235075,0.8311068702290076,534.5325338840485
10,5,30,32,0.3,0.8894808292388916,0.8471824526786804,0.8525980710983276,0.2725979685783386,0.32400137186050415,0.8709719205032231,0.8471824259789876,537.2849683761597
10,6,30,32,0.3,0.8834770917892456,0.8576886057853699,0.8663839101791382,0.28785833716392517,0.31085145473480225,0.8735001918383009,0.8576886341929322,536.3817911148071
10,7,30,32,0.3,0.8876205086708069,0.856733500957489,0.8600212335586548,0.26478102803230286,0.31633302569389343,0.8722803342338893,0.8567335243553008,535.5304157733917
10,8,30,32,0.3,0.8882124423980713,0.8844317197799683,0.8547189831733704,0.26157328486442566,0.27210626006126404,0.8947983940044867,0.8844317096466093,539.173629283905
10,9,30,32,0.3,0.8866057991981506,0.8672397136688232,0.8695651888847351,0.272948294878006,0.3011157512664795,0.8798047100714459,0.8672397325692455,528.1827652454376
10,10,30,32,0.3,0.8838998675346375,0.850047767162323,0.8875927925109863,0.27145954966545105,0.31330156326293945,0.8571212974895128,0.8500477554918816,533.9198577404022
10,1,30,32,0.5,0.8664806485176086,0.8616412281990051,0.8430540561676025,0.31671008467674255,0.33187979459762573,0.8865616157088357,0.8616412213740458,554.9795906543732
10,2,30,32,0.5,0.8778116106987,0.8740457892417908,0.8642629981040955,0.2961938679218292,0.32270368933677673,0.8839547856723429,0.8740458015267175,541.3357427120209
10,3,30,32,0.5,0.8844072222709656,0.8520992398262024,0.8419936299324036,0.2752838432788849,0.36789676547050476,0.8819525013422009,0.8520992366412213,544.5399744510651
10,4,30,32,0.5,0.8528665900230408,0.8406488299369812,0.8462353944778442,0.34523406624794006,0.36847034096717834,0.8671485927991751,0.8406488549618321,520.5975522994995
10,5,30,32,0.5,0.8572636842727661,0.8233046531677246,0.8462353944778442,0.34104350209236145,0.3750647008419037,0.8477070390959803,0.8233046800382043,546.1703011989594
10,6,30,32,0.5,0.8924403786659241,0.8605539798736572,0.8748674392700195,0.2698426842689514,0.3104744553565979,0.8704360074003661,0.8605539637058262,545.3146352767944
10,7,30,32,0.5,0.88592928647995,0.869149923324585,0.8568398952484131,0.2733657956123352,0.3072962760925293,0.8845255879639833,0.8691499522445081,551.5098495483398
10,8,30,32,0.5,0.8871976733207703,0.8748806118965149,0.8377518653869629,0.2738656997680664,0.3287014961242676,0.8882900207048509,0.874880611270296,540.1768250465393
10,9,30,32,0.5,0.8868594765663147,0.8490926623344421,0.8409332036972046,0.27713289856910706,0.3463583290576935,0.8819786355935116,0.8490926456542502,533.4835453033447
10,10,30,32,0.5,0.8815321922302246,0.8471824526786804,0.8875927925109863,0.2771570682525635,0.3349120318889618,0.8580137499317742,0.8471824259789876,532.08061170578
10,1,30,64,0.2,0.8722306489944458,0.8769084215164185,0.8366914391517639,0.30241814255714417,0.30698323249816895,0.8913430315501637,0.8769083969465649,496.4613058567047
10,2,30,64,0.2,0.8661423921585083,0.8559160232543945,0.8621420860290527,0.3187738060951233,0.3379859924316406,0.877528110612323,0.8559160305343512,485.78045320510864
10,3,30,64,0.2,0.88406902551651,0.8673664331436157,0.8271474242210388,0.28440284729003906,0.3288052976131439,0.8966163431122419,0.8673664122137404,477.7567400932312
10,4,30,64,0.2,0.8739218711853027,0.8520992398262024,0.8568398952484131,0.2986067235469818,0.32749906182289124,0.8718490177447474,0.8520992366412213,481.1856801509857
10,5,30,64,0.2,0.8796719312667847,0.8634192943572998,0.8674443364143372,0.2903019189834595,0.31241220235824585,0.8710399088544382,0.8634192932187201,483.14764165878296
10,6,30,64,0.2,0.8772196769714355,0.8529130816459656,0.8600212335586548,0.29396164417266846,0.3208428621292114,0.8692103652802113,0.8529130850047756,477.0148847103119
10,7,30,64,0.2,0.8776425123214722,0.8777459263801575,0.8663839101791382,0.28572162985801697,0.293575257062912,0.8870759050162198,0.87774594078319,482.21623039245605
10,8,30,64,0.2,0.8802638053894043,0.8643743991851807,0.8462353944778442,0.28502628207206726,0.33996930718421936,0.8867628125487657,0.8643744030563515,484.75347805023193
10,9,30,64,0.2,0.8804329633712769,0.8815664052963257,0.8748674392700195,0.28653812408447266,0.28934839367866516,0.8836229984047277,0.8815663801337154,487.8422260284424
10,10,30,64,0.2,0.8858447670936584,0.8538681864738464,0.8886532187461853,0.292179137468338,0.30408796668052673,0.8637108273934823,0.8538681948424068,489.6203372478485
10,1,30,64,0.3,0.8723152279853821,0.8845419883728027,0.8494167327880859,0.3042045533657074,0.30768874287605286,0.8943578076572366,0.8845419847328244,491.1373519897461
10,2,30,64,0.3,0.8763740658760071,0.8530534505844116,0.848356306552887,0.29677605628967285,0.3377000689506531,0.8751238364162818,0.8530534351145038,522.6232812404633
10,3,30,64,0.3,0.8822932243347168,0.885496199131012,0.847295880317688,0.2928634285926819,0.2958104908466339,0.897095182876513,0.8854961832061069,496.22061920166016
10,4,30,64,0.3,0.8794182538986206,0.8654580116271973,0.8812301158905029,0.2887287735939026,0.3111444115638733,0.8785936374430185,0.8654580152671756,487.00533652305603
10,5,30,64,0.3,0.88406902551651,0.8366762399673462,0.8536585569381714,0.2887684106826782,0.3393738567829132,0.8619667873449053,0.836676217765043,500.37841391563416
10,6,30,64,0.3,0.8822087049484253,0.850047767162323,0.8706256747245789,0.2879137694835663,0.3198871314525604,0.8600116421021126,0.8500477554918816,511.695650100708
10,7,30,64,0.3,0.875190258026123,0.8844317197799683,0.8748674392700195,0.29384908080101013,0.28088250756263733,0.8889917925387033,0.8844317096466093,502.67737770080566
10,8,30,64,0.3,0.8713005185127258,0.8615090847015381,0.8366914391517639,0.2989523410797119,0.3092886209487915,0.8816202514875986,0.8615090735434575,508.9405822753906
10,9,30,64,0.3,0.8763740658760071,0.8720152974128723,0.8812301158905029,0.2931827902793884,0.2955819070339203,0.8858158862868046,0.8720152817574021,543.270069360733
10,10,30,64,0.3,0.8768814206123352,0.8557783961296082,0.8769883513450623,0.298727422952652,0.3293890357017517,0.8671151708433551,0.8557784145176696,527.8616433143616
10,1,30,64,0.5,0.8659732937812805,0.8683205842971802,0.8271474242210388,0.31477630138397217,0.3002135753631592,0.8897788775083184,0.8683206106870229,521.4787678718567
10,2,30,64,0.5,0.8842381238937378,0.8864504098892212,0.8579003214836121,0.2852509915828705,0.2859780788421631,0.8938307560323394,0.8864503816793893,527.6620895862579
10,3,30,64,0.5,0.8741755485534668,0.8711832165718079,0.8568398952484131,0.29948484897613525,0.30294719338417053,0.8852492995002166,0.8711832061068703,525.0311167240143
10,4,30,64,0.5,0.873752772808075,0.8606870174407959,0.8695651888847351,0.2998987138271332,0.3085421025753021,0.8695349533621218,0.8606870229007634,557.7966604232788
10,5,30,64,0.5,0.8764586448669434,0.8338108658790588,0.8430540561676025,0.296857088804245,0.36790865659713745,0.8664812845183304,0.833810888252149,572.9785594940186
10,6,30,64,0.5,0.8745983242988586,0.8519579768180847,0.8632025718688965,0.3035558760166168,0.31719762086868286,0.8623731450063702,0.8519579751671442,571.8434920310974
10,7,30,64,0.5,0.8760358691215515,0.8576886057853699,0.847295880317688,0.2990519106388092,0.3221999704837799,0.8806988518456781,0.8576886341929322,704.3139290809631
10,8,30,64,0.5,0.8812785148620605,0.8767908215522766,0.8642629981040955,0.28919774293899536,0.29349154233932495,0.8863994707908316,0.8767908309455588,713.7436845302582
10,9,30,64,0.5,0.8756130337715149,0.8701050877571106,0.8663839101791382,0.2961407005786896,0.31154388189315796,0.8869721000675037,0.8701050620821394,742.0903098583221
10,10,30,64,0.5,0.8781498670578003,0.862464189529419,0.8791092038154602,0.2938351035118103,0.32052603363990784,0.8689880042465569,0.8624641833810889,834.0508811473846
