komentar,cleaned,tokens,normalized,stemmed,cleaned_final
"mantap, walaupun bagian depannya sedikit tidak rapi ya overall bagus",mantap walaupun bagian depannya sedikit tidak rapi ya overall bagus,"['mantap', 'walaupun', 'bagian', 'depannya', 'sedikit', 'tidak', 'rapi', 'ya', 'overall', 'bagus']","['mantap', 'walaupun', 'bagian', 'depannya', 'sedikit', 'tidak', 'rapi', 'ya', 'overall', 'bagus']","['mantap', 'walaupun', 'bagi', 'depan', 'sedikit', 'tidak', 'rapi', 'ya', 'overall', 'bagus']",mantap walaupun bagi depan sedikit tidak rapi ya overall bagus
berkulitas hampir mirip dengan yang asli. desain nya agk kurang rapi lem nya masi luber keluar tapi dengan harga segitu udh wow banget sepatu nya juga tidak kaku melain kan fleksibel midsol bawah super empuk jadi jangan ragu untu beli di toko ini,berkulitas hampir mirip dengan yang asli desain nya agk kurang rapi lem nya masi luber keluar tapi dengan harga segitu udh wow banget sepatu nya juga tidak kaku melain kan fleksibel midsol bawah super empuk jadi jangan ragu untu beli di toko ini,"['berkulitas', 'hampir', 'mirip', 'dengan', 'yang', 'asli', 'desain', 'nya', 'agk', 'kurang', 'rapi', 'lem', 'nya', 'masi', 'luber', 'keluar', 'tapi', 'dengan', 'harga', 'segitu', 'udh', 'wow', 'banget', 'sepatu', 'nya', 'juga', 'tidak', 'kaku', 'melain', 'kan', 'fleksibel', 'midsol', 'bawah', 'super', 'empuk', 'jadi', 'jangan', 'ragu', 'untu', 'beli', 'di', 'toko', 'ini']","['berkulitas', 'hampir', 'mirip', 'dengan', 'yang', 'asli', 'desain', 'nya', 'agk', 'kurang', 'rapi', 'lem', 'nya', 'masi', 'luber', 'keluar', 'tapi', 'dengan', 'harga', 'segitu', 'sudah', 'wow', 'banget', 'sepatu', 'nya', 'juga', 'tidak', 'kaku', 'melain', 'kan', 'fleksibel', 'midsol', 'bawah', 'super', 'empuk', 'jadi', 'jangan', 'ragu', 'untu', 'beli', 'di', 'toko', 'ini']","['berkulitas', 'hampir', 'mirip', 'dengan', 'yang', 'asli', 'desain', 'nya', 'agk', 'kurang', 'rapi', 'lem', 'nya', 'mas', 'luber', 'keluar', 'tapi', 'dengan', 'harga', 'segitu', 'sudah', 'wow', 'banget', 'sepatu', 'nya', 'juga', 'tidak', 'kaku', 'lain', 'kan', 'fleksibel', 'midsol', 'bawah', 'super', 'empuk', 'jadi', 'jangan', 'ragu', 'untu', 'beli', 'di', 'toko', 'ini']",berkulitas hampir mirip dengan yang asli desain nya agk kurang rapi lem nya mas luber keluar tapi dengan harga segitu sudah wow banget sepatu nya juga tidak kaku lain kan fleksibel midsol bawah super empuk jadi jangan ragu untu beli di toko ini
harga segitu jangan berharap lebih karena kw y kw.kalau pingin bagus y nabung dulu beli yg ori atau brand lokal saja yg hemat.,harga segitu jangan berharap lebih karena kw y kw kalau pingin bagus y nabung dulu beli yg ori atau brand lokal saja yg hemat,"['harga', 'segitu', 'jangan', 'berharap', 'lebih', 'karena', 'kw', 'y', 'kw', 'kalau', 'pingin', 'bagus', 'y', 'nabung', 'dulu', 'beli', 'yg', 'ori', 'atau', 'brand', 'lokal', 'saja', 'yg', 'hemat']","['harga', 'segitu', 'jangan', 'berharap', 'lebih', 'karena', 'palsu', 'y', 'palsu', 'kalau', 'pingin', 'bagus', 'y', 'nabung', 'dulu', 'beli', 'yang', 'asli', 'atau', 'brand', 'lokal', 'saja', 'yang', 'hemat']","['harga', 'segitu', 'jangan', 'harap', 'lebih', 'karena', 'palsu', 'y', 'palsu', 'kalau', 'pingin', 'bagus', 'y', 'nabung', 'dulu', 'beli', 'yang', 'asli', 'atau', 'brand', 'lokal', 'saja', 'yang', 'hemat']",harga segitu jangan harap lebih karena palsu y palsu kalau pingin bagus y nabung dulu beli yang asli atau brand lokal saja yang hemat
"barang ok, sesuai deskripsi, ukuran pas, saya kasi bintang 5, semoga awet",barang ok sesuai deskripsi ukuran pas saya kasi bintang 5 semoga awet,"['barang', 'ok', 'sesuai', 'deskripsi', 'ukuran', 'pas', 'saya', 'kasi', 'bintang', '5', 'semoga', 'awet']","['barang', 'oke', 'sesuai', 'deskripsi', 'ukuran', 'pas', 'saya', 'kasi', 'bintang', '5', 'semoga', 'awet']","['barang', 'oke', 'sesuai', 'deskripsi', 'ukur', 'pas', 'saya', 'kasi', 'bintang', '5', 'moga', 'awet']",barang oke sesuai deskripsi ukur pas saya kasi bintang 5 moga awet
"pelayanan ramah,sesuai warna dan bahan tebal 👍👍👍👍👍👍👍👍👍👍👍👍👍👍👍👍👍👍👍",pelayanan ramah sesuai warna dan bahan tebal,"['pelayanan', 'ramah', 'sesuai', 'warna', 'dan', 'bahan', 'tebal']","['pelayanan', 'ramah', 'sesuai', 'warna', 'dan', 'bahan', 'tebal']","['layan', 'ramah', 'sesuai', 'warna', 'dan', 'bahan', 'tebal']",layan ramah sesuai warna dan bahan tebal
"worth it sesuai harga yaa. solnya empuk. buat yg kakinya lebar, saran order ukuran +1",worth it sesuai harga yaa solnya empuk buat yg kakinya lebar saran order ukuran 1,"['worth', 'it', 'sesuai', 'harga', 'yaa', 'solnya', 'empuk', 'buat', 'yg', 'kakinya', 'lebar', 'saran', 'order', 'ukuran', '1']","['worth', 'it', 'sesuai', 'harga', 'yaa', 'solnya', 'empuk', 'buat', 'yang', 'kakinya', 'lebar', 'saran', 'order', 'ukuran', '1']","['worth', 'it', 'sesuai', 'harga', 'yaa', 'sol', 'empuk', 'buat', 'yang', 'kaki', 'lebar', 'saran', 'order', 'ukur', '1']",worth it sesuai harga yaa sol empuk buat yang kaki lebar saran order ukur 1
"recomend,keren👍🏻,mantul. rencanannya buat kado trkhir beli untuk sendiri juga.",recomend keren mantul rencanannya buat kado trkhir beli untuk sendiri juga,"['recomend', 'keren', 'mantul', 'rencanannya', 'buat', 'kado', 'trkhir', 'beli', 'untuk', 'sendiri', 'juga']","['recomend', 'keren', 'mantap', 'rencanannya', 'buat', 'kado', 'trkhir', 'beli', 'untuk', 'sendiri', 'juga']","['recomend', 'keren', 'mantap', 'rencanannya', 'buat', 'kado', 'trkhir', 'beli', 'untuk', 'sendiri', 'juga']",recomend keren mantap rencanannya buat kado trkhir beli untuk sendiri juga
"Alhamdulillah, sepatu nya sudah mendarat dengan selamat. semoga awet dan bisa menunjang aktivitas sehari-hari.",alhamdulillah sepatu nya sudah mendarat dengan selamat semoga awet dan bisa menunjang aktivitas sehari hari,"['alhamdulillah', 'sepatu', 'nya', 'sudah', 'mendarat', 'dengan', 'selamat', 'semoga', 'awet', 'dan', 'bisa', 'menunjang', 'aktivitas', 'sehari', 'hari']","['alhamdulillah', 'sepatu', 'nya', 'sudah', 'mendarat', 'dengan', 'selamat', 'semoga', 'awet', 'dan', 'bisa', 'menunjang', 'aktivitas', 'sehari', 'hari']","['alhamdulillah', 'sepatu', 'nya', 'sudah', 'darat', 'dengan', 'selamat', 'moga', 'awet', 'dan', 'bisa', 'tunjang', 'aktivitas', 'hari', 'hari']",alhamdulillah sepatu nya sudah darat dengan selamat moga awet dan bisa tunjang aktivitas hari hari
"kualitas bahan dan model gak kaleng2, ukuran sy naikan 1 dari 43 ke 44 pas banget, harusnya 45 sih biar agak longgar dikit, trims seller, pertahankan kualitas barang dan pelayanan",kualitas bahan dan model gak kaleng2 ukuran sy naikan 1 dari 43 ke 44 pas banget harusnya 45 sih biar agak longgar dikit trims seller pertahankan kualitas barang dan pelayanan,"['kualitas', 'bahan', 'dan', 'model', 'gak', 'kaleng2', 'ukuran', 'sy', 'naikan', '1', 'dari', '43', 'ke', '44', 'pas', 'banget', 'harusnya', '45', 'sih', 'biar', 'agak', 'longgar', 'dikit', 'trims', 'seller', 'pertahankan', 'kualitas', 'barang', 'dan', 'pelayanan']","['kualitas', 'bahan', 'dan', 'model', 'tidak', 'kaleng2', 'ukuran', 'sy', 'naikan', '1', 'dari', '43', 'ke', '44', 'pas', 'banget', 'harusnya', '45', 'sih', 'biar', 'agak', 'longgar', 'dikit', 'trims', 'seller', 'pertahankan', 'kualitas', 'barang', 'dan', 'pelayanan']","['kualitas', 'bahan', 'dan', 'model', 'tidak', 'kaleng2', 'ukur', 'sy', 'naik', '1', 'dari', '43', 'ke', '44', 'pas', 'banget', 'harus', '45', 'sih', 'biar', 'agak', 'longgar', 'dikit', 'trims', 'seller', 'tahan', 'kualitas', 'barang', 'dan', 'layan']",kualitas bahan dan model tidak kaleng2 ukur sy naik 1 dari 43 ke 44 pas banget harus 45 sih biar agak longgar dikit trims seller tahan kualitas barang dan layan
"barang sesuai pesanan tak ada cacat cuma agak sedikit bau lem aibon, so far sih so good",barang sesuai pesanan tak ada cacat cuma agak sedikit bau lem aibon so far sih so good,"['barang', 'sesuai', 'pesanan', 'tak', 'ada', 'cacat', 'cuma', 'agak', 'sedikit', 'bau', 'lem', 'aibon', 'so', 'far', 'sih', 'so', 'good']","['barang', 'sesuai', 'pesanan', 'tak', 'ada', 'cacat', 'cuma', 'agak', 'sedikit', 'bau', 'lem', 'aibon', 'so', 'far', 'sih', 'so', 'good']","['barang', 'sesuai', 'pesan', 'tak', 'ada', 'cacat', 'cuma', 'agak', 'sedikit', 'bau', 'lem', 'aibon', 'so', 'far', 'sih', 'so', 'good']",barang sesuai pesan tak ada cacat cuma agak sedikit bau lem aibon so far sih so good
"pengiriman cepat, sampai dengan selamat, sesuai pesanan, dan dapat bonus, minus gapake bubble wrap bau lem nyengat, lemnya kurang rapih, tpi dengan harga segini sudah sangat bagus",pengiriman cepat sampai dengan selamat sesuai pesanan dan dapat bonus minus gapake bubble wrap bau lem nyengat lemnya kurang rapih tpi dengan harga segini sudah sangat bagus,"['pengiriman', 'cepat', 'sampai', 'dengan', 'selamat', 'sesuai', 'pesanan', 'dan', 'dapat', 'bonus', 'minus', 'gapake', 'bubble', 'wrap', 'bau', 'lem', 'nyengat', 'lemnya', 'kurang', 'rapih', 'tpi', 'dengan', 'harga', 'segini', 'sudah', 'sangat', 'bagus']","['pengiriman', 'cepat', 'sampai', 'dengan', 'selamat', 'sesuai', 'pesanan', 'dan', 'dapat', 'bonus', 'minus', 'gapake', 'bubble', 'wrap', 'bau', 'lem', 'nyengat', 'lemnya', 'kurang', 'rapih', 'tpi', 'dengan', 'harga', 'segini', 'sudah', 'sangat', 'bagus']","['kirim', 'cepat', 'sampai', 'dengan', 'selamat', 'sesuai', 'pesan', 'dan', 'dapat', 'bonus', 'minus', 'gapake', 'bubble', 'wrap', 'bau', 'lem', 'nyengat', 'lem', 'kurang', 'rapih', 'tpi', 'dengan', 'harga', 'gin', 'sudah', 'sangat', 'bagus']",kirim cepat sampai dengan selamat sesuai pesan dan dapat bonus minus gapake bubble wrap bau lem nyengat lem kurang rapih tpi dengan harga gin sudah sangat bagus
"Sesuai ekspektasi, cukuplah dengan harga segini. Bagi saya ini kali pertama iseng beli sepatu KW karena panasaran saja, overal lumayan buat harian. Jangan di siksa kalau pengen awet hehe. Overall saya puas dengan harganya dapat sepatu dgn bahan luamyan begini (dapat bonus lagi) . Besok² mau saya pakai dan sandingkan dengan sepatu HOKA original nya milik teman pas nongkrong, biar melongo wkwkw. Terimakasih semoga awet ya, seller responsif dan komunikatif.",sesuai ekspektasi cukuplah dengan harga segini bagi saya ini kali pertama iseng beli sepatu kw karena panasaran saja overal lumayan buat harian jangan di siksa kalau pengen awet hehe overall saya puas dengan harganya dapat sepatu dgn bahan luamyan begini dapat bonus lagi besok² mau saya pakai dan sandingkan dengan sepatu hoka original nya milik teman pas nongkrong biar melongo wkwkw terimakasih semoga awet ya seller responsif dan komunikatif,"['sesuai', 'ekspektasi', 'cukuplah', 'dengan', 'harga', 'segini', 'bagi', 'saya', 'ini', 'kali', 'pertama', 'iseng', 'beli', 'sepatu', 'kw', 'karena', 'panasaran', 'saja', 'overal', 'lumayan', 'buat', 'harian', 'jangan', 'di', 'siksa', 'kalau', 'pengen', 'awet', 'hehe', 'overall', 'saya', 'puas', 'dengan', 'harganya', 'dapat', 'sepatu', 'dgn', 'bahan', 'luamyan', 'begini', 'dapat', 'bonus', 'lagi', 'besok²', 'mau', 'saya', 'pakai', 'dan', 'sandingkan', 'dengan', 'sepatu', 'hoka', 'original', 'nya', 'milik', 'teman', 'pas', 'nongkrong', 'biar', 'melongo', 'wkwkw', 'terimakasih', 'semoga', 'awet', 'ya', 'seller', 'responsif', 'dan', 'komunikatif']","['sesuai', 'ekspektasi', 'cukuplah', 'dengan', 'harga', 'segini', 'bagi', 'saya', 'ini', 'kali', 'pertama', 'iseng', 'beli', 'sepatu', 'palsu', 'karena', 'panasaran', 'saja', 'overal', 'lumayan', 'buat', 'harian', 'jangan', 'di', 'siksa', 'kalau', 'pengen', 'awet', 'hehe', 'overall', 'saya', 'puas', 'dengan', 'harganya', 'dapat', 'sepatu', 'dgn', 'bahan', 'luamyan', 'begini', 'dapat', 'bonus', 'lagi', 'besok²', 'mau', 'saya', 'pakai', 'dan', 'sandingkan', 'dengan', 'sepatu', 'hoka', 'asli', 'nya', 'milik', 'teman', 'pas', 'nongkrong', 'biar', 'melongo', 'wkwkw', 'terimakasih', 'semoga', 'awet', 'ya', 'seller', 'responsif', 'dan', 'komunikatif']","['sesuai', 'ekspektasi', 'cukup', 'dengan', 'harga', 'gin', 'bagi', 'saya', 'ini', 'kali', 'pertama', 'iseng', 'beli', 'sepatu', 'palsu', 'karena', 'panasaran', 'saja', 'overal', 'lumayan', 'buat', 'hari', 'jangan', 'di', 'siksa', 'kalau', 'ken', 'awet', 'hehe', 'overall', 'saya', 'puas', 'dengan', 'harga', 'dapat', 'sepatu', 'dgn', 'bahan', 'luamyan', 'begini', 'dapat', 'bonus', 'lagi', 'besok', 'mau', 'saya', 'pakai', 'dan', 'sanding', 'dengan', 'sepatu', 'hoka', 'asli', 'nya', 'milik', 'teman', 'pas', 'nongkrong', 'biar', 'longo', 'wkwkw', 'terimakasih', 'moga', 'awet', 'ya', 'seller', 'responsif', 'dan', 'komunikatif']",sesuai ekspektasi cukup dengan harga gin bagi saya ini kali pertama iseng beli sepatu palsu karena panasaran saja overal lumayan buat hari jangan di siksa kalau ken awet hehe overall saya puas dengan harga dapat sepatu dgn bahan luamyan begini dapat bonus lagi besok mau saya pakai dan sanding dengan sepatu hoka asli nya milik teman pas nongkrong biar longo wkwkw terimakasih moga awet ya seller responsif dan komunikatif
"untuk ukuran pas sekali maunya 1 nomor lagi 44 kian ku pilih. Tapi ya 43 udah pas ukuran kaki saya. pertama x di buka terasa bnget aroma lem aibonnya, bau lem pun gpp lah tpi yg penting kuat dan mudah2an tahan lama. untuk barang yang saya Terima tidak ada yang cacad. Untuk sepatunya saya pakai di kaki saya lumayan nyaman. Untuk bahan juga lumayan lah. warna sesuai dengan picture. sepatu saya biasanya tahan max 5 tahun baru ada masalah, ya mudah2an saya harap sepatu ini bisa tahan 2 atw 3 tahun.",untuk ukuran pas sekali maunya 1 nomor lagi 44 kian ku pilih tapi ya 43 udah pas ukuran kaki saya pertama x di buka terasa bnget aroma lem aibonnya bau lem pun gpp lah tpi yg penting kuat dan mudah2an tahan lama untuk barang yang saya terima tidak ada yang cacad untuk sepatunya saya pakai di kaki saya lumayan nyaman untuk bahan juga lumayan lah warna sesuai dengan picture sepatu saya biasanya tahan max 5 tahun baru ada masalah ya mudah2an saya harap sepatu ini bisa tahan 2 atw 3 tahun,"['untuk', 'ukuran', 'pas', 'sekali', 'maunya', '1', 'nomor', 'lagi', '44', 'kian', 'ku', 'pilih', 'tapi', 'ya', '43', 'udah', 'pas', 'ukuran', 'kaki', 'saya', 'pertama', 'x', 'di', 'buka', 'terasa', 'bnget', 'aroma', 'lem', 'aibonnya', 'bau', 'lem', 'pun', 'gpp', 'lah', 'tpi', 'yg', 'penting', 'kuat', 'dan', 'mudah2an', 'tahan', 'lama', 'untuk', 'barang', 'yang', 'saya', 'terima', 'tidak', 'ada', 'yang', 'cacad', 'untuk', 'sepatunya', 'saya', 'pakai', 'di', 'kaki', 'saya', 'lumayan', 'nyaman', 'untuk', 'bahan', 'juga', 'lumayan', 'lah', 'warna', 'sesuai', 'dengan', 'picture', 'sepatu', 'saya', 'biasanya', 'tahan', 'max', '5', 'tahun', 'baru', 'ada', 'masalah', 'ya', 'mudah2an', 'saya', 'harap', 'sepatu', 'ini', 'bisa', 'tahan', '2', 'atw', '3', 'tahun']","['untuk', 'ukuran', 'pas', 'sekali', 'maunya', '1', 'nomor', 'lagi', '44', 'kian', 'ku', 'pilih', 'tapi', 'ya', '43', 'udah', 'pas', 'ukuran', 'kaki', 'saya', 'pertama', 'x', 'di', 'buka', 'terasa', 'bnget', 'aroma', 'lem', 'aibonnya', 'bau', 'lem', 'pun', 'gpp', 'lah', 'tpi', 'yang', 'penting', 'kuat', 'dan', 'mudah2an', 'tahan', 'lama', 'untuk', 'barang', 'yang', 'saya', 'terima', 'tidak', 'ada', 'yang', 'cacat', 'untuk', 'sepatunya', 'saya', 'pakai', 'di', 'kaki', 'saya', 'lumayan', 'nyaman', 'untuk', 'bahan', 'juga', 'lumayan', 'lah', 'warna', 'sesuai', 'dengan', 'picture', 'sepatu', 'saya', 'biasanya', 'tahan', 'max', '5', 'tahun', 'baru', 'ada', 'masalah', 'ya', 'mudah2an', 'saya', 'harap', 'sepatu', 'ini', 'bisa', 'tahan', '2', 'atw', '3', 'tahun']","['untuk', 'ukur', 'pas', 'sekali', 'mau', '1', 'nomor', 'lagi', '44', 'kian', 'ku', 'pilih', 'tapi', 'ya', '43', 'udah', 'pas', 'ukur', 'kaki', 'saya', 'pertama', 'x', 'di', 'buka', 'asa', 'bnget', 'aroma', 'lem', 'aibonnya', 'bau', 'lem', 'pun', 'gpp', 'lah', 'tpi', 'yang', 'penting', 'kuat', 'dan', 'mudah2an', 'tahan', 'lama', 'untuk', 'barang', 'yang', 'saya', 'terima', 'tidak', 'ada', 'yang', 'cacat', 'untuk', 'sepatu', 'saya', 'pakai', 'di', 'kaki', 'saya', 'lumayan', 'nyaman', 'untuk', 'bahan', 'juga', 'lumayan', 'lah', 'warna', 'sesuai', 'dengan', 'picture', 'sepatu', 'saya', 'biasa', 'tahan', 'max', '5', 'tahun', 'baru', 'ada', 'masalah', 'ya', 'mudah2an', 'saya', 'harap', 'sepatu', 'ini', 'bisa', 'tahan', '2', 'atw', '3', 'tahun']",untuk ukur pas sekali mau 1 nomor lagi 44 kian ku pilih tapi ya 43 udah pas ukur kaki saya pertama x di buka asa bnget aroma lem aibonnya bau lem pun gpp lah tpi yang penting kuat dan mudah2an tahan lama untuk barang yang saya terima tidak ada yang cacat untuk sepatu saya pakai di kaki saya lumayan nyaman untuk bahan juga lumayan lah warna sesuai dengan picture sepatu saya biasa tahan max 5 tahun baru ada masalah ya mudah2an saya harap sepatu ini bisa tahan 2 atw 3 tahun
barang bagus seller ramah n sampai cepat recommended seller,barang bagus seller ramah n sampai cepat recommended seller,"['barang', 'bagus', 'seller', 'ramah', 'n', 'sampai', 'cepat', 'recommended', 'seller']","['barang', 'bagus', 'seller', 'ramah', 'n', 'sampai', 'cepat', 'recommended', 'seller']","['barang', 'bagus', 'seller', 'ramah', 'n', 'sampai', 'cepat', 'recommended', 'seller']",barang bagus seller ramah n sampai cepat recommended seller
"Barang cepat sampai, bahan oke sih , ukuran juga pas di kaki, semoga awet dahh",barang cepat sampai bahan oke sih ukuran juga pas di kaki semoga awet dahh,"['barang', 'cepat', 'sampai', 'bahan', 'oke', 'sih', 'ukuran', 'juga', 'pas', 'di', 'kaki', 'semoga', 'awet', 'dahh']","['barang', 'cepat', 'sampai', 'bahan', 'oke', 'sih', 'ukuran', 'juga', 'pas', 'di', 'kaki', 'semoga', 'awet', 'dahh']","['barang', 'cepat', 'sampai', 'bahan', 'oke', 'sih', 'ukur', 'juga', 'pas', 'di', 'kaki', 'moga', 'awet', 'dahh']",barang cepat sampai bahan oke sih ukur juga pas di kaki moga awet dahh
"Sepatunya bagus,ringan rapi dan enak dpakai,cuma depannya aja yg agak karidut bentuknya. Seller hrsnya kasih plastik dgulung buat dalamn sepatu spaya ngak berubah bentuk spatunya",sepatunya bagus ringan rapi dan enak dpakai cuma depannya aja yg agak karidut bentuknya seller hrsnya kasih plastik dgulung buat dalamn sepatu spaya ngak berubah bentuk spatunya,"['sepatunya', 'bagus', 'ringan', 'rapi', 'dan', 'enak', 'dpakai', 'cuma', 'depannya', 'aja', 'yg', 'agak', 'karidut', 'bentuknya', 'seller', 'hrsnya', 'kasih', 'plastik', 'dgulung', 'buat', 'dalamn', 'sepatu', 'spaya', 'ngak', 'berubah', 'bentuk', 'spatunya']","['sepatunya', 'bagus', 'ringan', 'rapi', 'dan', 'enak', 'dpakai', 'cuma', 'depannya', 'aja', 'yang', 'agak', 'karidut', 'bentuknya', 'seller', 'hrsnya', 'kasih', 'plastik', 'dgulung', 'buat', 'dalamn', 'sepatu', 'spaya', 'ngak', 'berubah', 'bentuk', 'spatunya']","['sepatu', 'bagus', 'ringan', 'rapi', 'dan', 'enak', 'dpakai', 'cuma', 'depan', 'aja', 'yang', 'agak', 'karidut', 'bentuk', 'seller', 'hrsnya', 'kasih', 'plastik', 'dgulung', 'buat', 'dalamn', 'sepatu', 'spaya', 'ngak', 'ubah', 'bentuk', 'spatunya']",sepatu bagus ringan rapi dan enak dpakai cuma depan aja yang agak karidut bentuk seller hrsnya kasih plastik dgulung buat dalamn sepatu spaya ngak ubah bentuk spatunya
"respon penjual cepat, barang sesuai, packing rapi kualitas sepatu bagus dapt tas sepatu sama kaos kaki mantabbbb pokoknya",respon penjual cepat barang sesuai packing rapi kualitas sepatu bagus dapt tas sepatu sama kaos kaki mantabbbb pokoknya,"['respon', 'penjual', 'cepat', 'barang', 'sesuai', 'packing', 'rapi', 'kualitas', 'sepatu', 'bagus', 'dapt', 'tas', 'sepatu', 'sama', 'kaos', 'kaki', 'mantabbbb', 'pokoknya']","['respon', 'penjual', 'cepat', 'barang', 'sesuai', 'packing', 'rapi', 'kualitas', 'sepatu', 'bagus', 'dapt', 'tas', 'sepatu', 'sama', 'kaos', 'kaki', 'mantabbbb', 'pokoknya']","['respon', 'jual', 'cepat', 'barang', 'sesuai', 'packing', 'rapi', 'kualitas', 'sepatu', 'bagus', 'dapt', 'tas', 'sepatu', 'sama', 'kaos', 'kaki', 'mantabbbb', 'pokok']",respon jual cepat barang sesuai packing rapi kualitas sepatu bagus dapt tas sepatu sama kaos kaki mantabbbb pokok
"Sepatunya bagus seperti deskripsi, ukuran pas empuk dipakai",sepatunya bagus seperti deskripsi ukuran pas empuk dipakai,"['sepatunya', 'bagus', 'seperti', 'deskripsi', 'ukuran', 'pas', 'empuk', 'dipakai']","['sepatunya', 'bagus', 'seperti', 'deskripsi', 'ukuran', 'pas', 'empuk', 'dipakai']","['sepatu', 'bagus', 'seperti', 'deskripsi', 'ukur', 'pas', 'empuk', 'pakai']",sepatu bagus seperti deskripsi ukur pas empuk pakai
"kualitas belum tahu, baru dicoba pake, lumayan empuk dikaki, untuk ukuran 44 terlalu pas pasan, resiko kaki jumbo :) overall mantap lah",kualitas belum tahu baru dicoba pake lumayan empuk dikaki untuk ukuran 44 terlalu pas pasan resiko kaki jumbo overall mantap lah,"['kualitas', 'belum', 'tahu', 'baru', 'dicoba', 'pake', 'lumayan', 'empuk', 'dikaki', 'untuk', 'ukuran', '44', 'terlalu', 'pas', 'pasan', 'resiko', 'kaki', 'jumbo', 'overall', 'mantap', 'lah']","['kualitas', 'belum', 'tahu', 'baru', 'dicoba', 'pake', 'lumayan', 'empuk', 'dikaki', 'untuk', 'ukuran', '44', 'terlalu', 'pas', 'pasan', 'resiko', 'kaki', 'jumbo', 'overall', 'mantap', 'lah']","['kualitas', 'belum', 'tahu', 'baru', 'coba', 'pake', 'lumayan', 'empuk', 'kaki', 'untuk', 'ukur', '44', 'terlalu', 'pas', 'pas', 'resiko', 'kaki', 'jumbo', 'overall', 'mantap', 'lah']",kualitas belum tahu baru coba pake lumayan empuk kaki untuk ukur 44 terlalu pas pas resiko kaki jumbo overall mantap lah
"kualitas lumayan lah dengan harga segitu udah dapet sepatu, kemarin sempat salah checkout, tp untungnya seller responsif, jadi tetap dapet sesuai keinginan",kualitas lumayan lah dengan harga segitu udah dapet sepatu kemarin sempat salah checkout tp untungnya seller responsif jadi tetap dapet sesuai keinginan,"['kualitas', 'lumayan', 'lah', 'dengan', 'harga', 'segitu', 'udah', 'dapet', 'sepatu', 'kemarin', 'sempat', 'salah', 'checkout', 'tp', 'untungnya', 'seller', 'responsif', 'jadi', 'tetap', 'dapet', 'sesuai', 'keinginan']","['kualitas', 'lumayan', 'lah', 'dengan', 'harga', 'segitu', 'udah', 'dapet', 'sepatu', 'kemarin', 'sempat', 'salah', 'checkout', 'tapi', 'untungnya', 'seller', 'responsif', 'jadi', 'tetap', 'dapet', 'sesuai', 'keinginan']","['kualitas', 'lumayan', 'lah', 'dengan', 'harga', 'segitu', 'udah', 'dapet', 'sepatu', 'kemarin', 'sempat', 'salah', 'checkout', 'tapi', 'untung', 'seller', 'responsif', 'jadi', 'tetap', 'dapet', 'sesuai', 'ingin']",kualitas lumayan lah dengan harga segitu udah dapet sepatu kemarin sempat salah checkout tapi untung seller responsif jadi tetap dapet sesuai ingin
"Alhamdulillah barang sampai dengan selamat dan pengiriman nya juga cepat, seller sangat responsif juga. Terima Kasih Banyak🙏🏻 Semoga Awet",alhamdulillah barang sampai dengan selamat dan pengiriman nya juga cepat seller sangat responsif juga terima kasih banyak semoga awet,"['alhamdulillah', 'barang', 'sampai', 'dengan', 'selamat', 'dan', 'pengiriman', 'nya', 'juga', 'cepat', 'seller', 'sangat', 'responsif', 'juga', 'terima', 'kasih', 'banyak', 'semoga', 'awet']","['alhamdulillah', 'barang', 'sampai', 'dengan', 'selamat', 'dan', 'pengiriman', 'nya', 'juga', 'cepat', 'seller', 'sangat', 'responsif', 'juga', 'terima', 'kasih', 'banyak', 'semoga', 'awet']","['alhamdulillah', 'barang', 'sampai', 'dengan', 'selamat', 'dan', 'kirim', 'nya', 'juga', 'cepat', 'seller', 'sangat', 'responsif', 'juga', 'terima', 'kasih', 'banyak', 'moga', 'awet']",alhamdulillah barang sampai dengan selamat dan kirim nya juga cepat seller sangat responsif juga terima kasih banyak moga awet
ukuran 36 nya kegedean utk ukuran 36 standard...akalinnya ya harus pakai kaos kaki tebel kayanya,ukuran 36 nya kegedean utk ukuran 36 standard akalinnya ya harus pakai kaos kaki tebel kayanya,"['ukuran', '36', 'nya', 'kegedean', 'utk', 'ukuran', '36', 'standard', 'akalinnya', 'ya', 'harus', 'pakai', 'kaos', 'kaki', 'tebel', 'kayanya']","['ukuran', '36', 'nya', 'kegedean', 'utk', 'ukuran', '36', 'standard', 'akalinnya', 'ya', 'harus', 'pakai', 'kaos', 'kaki', 'tebel', 'kayanya']","['ukur', '36', 'nya', 'gede', 'utk', 'ukur', '36', 'standard', 'akalinnya', 'ya', 'harus', 'pakai', 'kaos', 'kaki', 'tebel', 'kaya']",ukur 36 nya gede utk ukur 36 standard akalinnya ya harus pakai kaos kaki tebel kaya
"Pengiriman cepat, barang tiba dg selamat, kualitas produk OK dg harga yg diberikan…diatas ekspektasi unt sebuah produk KW 👍 👍",pengiriman cepat barang tiba dg selamat kualitas produk ok dg harga yg diberikan diatas ekspektasi unt sebuah produk kw,"['pengiriman', 'cepat', 'barang', 'tiba', 'dg', 'selamat', 'kualitas', 'produk', 'ok', 'dg', 'harga', 'yg', 'diberikan', 'diatas', 'ekspektasi', 'unt', 'sebuah', 'produk', 'kw']","['pengiriman', 'cepat', 'barang', 'tiba', 'dg', 'selamat', 'kualitas', 'produk', 'oke', 'dg', 'harga', 'yang', 'diberikan', 'diatas', 'ekspektasi', 'unt', 'sebuah', 'produk', 'palsu']","['kirim', 'cepat', 'barang', 'tiba', 'dg', 'selamat', 'kualitas', 'produk', 'oke', 'dg', 'harga', 'yang', 'beri', 'atas', 'ekspektasi', 'unt', 'buah', 'produk', 'palsu']",kirim cepat barang tiba dg selamat kualitas produk oke dg harga yang beri atas ekspektasi unt buah produk palsu
"sangat puas dikirim sesuai gambar, dengan kualitas bagus , semoga lancar jaya usaha nya , toko rekomendasi",sangat puas dikirim sesuai gambar dengan kualitas bagus semoga lancar jaya usaha nya toko rekomendasi,"['sangat', 'puas', 'dikirim', 'sesuai', 'gambar', 'dengan', 'kualitas', 'bagus', 'semoga', 'lancar', 'jaya', 'usaha', 'nya', 'toko', 'rekomendasi']","['sangat', 'puas', 'pengiriman', 'sesuai', 'gambar', 'dengan', 'kualitas', 'bagus', 'semoga', 'lancar', 'jaya', 'usaha', 'nya', 'toko', 'rekomendasi']","['sangat', 'puas', 'kirim', 'sesuai', 'gambar', 'dengan', 'kualitas', 'bagus', 'moga', 'lancar', 'jaya', 'usaha', 'nya', 'toko', 'rekomendasi']",sangat puas kirim sesuai gambar dengan kualitas bagus moga lancar jaya usaha nya toko rekomendasi
"packing produknya rapi, dan kualitas sepatunya sangat bermutu semoga bisa dipakai awet selalu",packing produknya rapi dan kualitas sepatunya sangat bermutu semoga bisa dipakai awet selalu,"['packing', 'produknya', 'rapi', 'dan', 'kualitas', 'sepatunya', 'sangat', 'bermutu', 'semoga', 'bisa', 'dipakai', 'awet', 'selalu']","['packing', 'produknya', 'rapi', 'dan', 'kualitas', 'sepatunya', 'sangat', 'bermutu', 'semoga', 'bisa', 'dipakai', 'awet', 'selalu']","['packing', 'produk', 'rapi', 'dan', 'kualitas', 'sepatu', 'sangat', 'mutu', 'moga', 'bisa', 'pakai', 'awet', 'selalu']",packing produk rapi dan kualitas sepatu sangat mutu moga bisa pakai awet selalu
"Keren nih produknya, pas ukurannya, dapat hadiah lagi, semoga awet, terima kasih",keren nih produknya pas ukurannya dapat hadiah lagi semoga awet terima kasih,"['keren', 'nih', 'produknya', 'pas', 'ukurannya', 'dapat', 'hadiah', 'lagi', 'semoga', 'awet', 'terima', 'kasih']","['keren', 'nih', 'produknya', 'pas', 'ukurannya', 'dapat', 'hadiah', 'lagi', 'semoga', 'awet', 'terima', 'kasih']","['keren', 'nih', 'produk', 'pas', 'ukur', 'dapat', 'hadiah', 'lagi', 'moga', 'awet', 'terima', 'kasih']",keren nih produk pas ukur dapat hadiah lagi moga awet terima kasih
"sangat recommended, kualitas bagus tidak mengecewakan...sukses",sangat recommended kualitas bagus tidak mengecewakan sukses,"['sangat', 'recommended', 'kualitas', 'bagus', 'tidak', 'mengecewakan', 'sukses']","['sangat', 'recommended', 'kualitas', 'bagus', 'tidak', 'kecewa', 'sukses']","['sangat', 'recommended', 'kualitas', 'bagus', 'tidak', 'kecewa', 'sukses']",sangat recommended kualitas bagus tidak kecewa sukses
"kualitas okelah sesuai harga, cuma detailnya kurang si",kualitas okelah sesuai harga cuma detailnya kurang si,"['kualitas', 'okelah', 'sesuai', 'harga', 'cuma', 'detailnya', 'kurang', 'si']","['kualitas', 'okelah', 'sesuai', 'harga', 'cuma', 'detailnya', 'kurang', 'si']","['kualitas', 'oke', 'sesuai', 'harga', 'cuma', 'detail', 'kurang', 'si']",kualitas oke sesuai harga cuma detail kurang si
bau lem banget... tapi lumayan laah daripada lu manyun...,bau lem banget tapi lumayan laah daripada lu manyun,"['bau', 'lem', 'banget', 'tapi', 'lumayan', 'laah', 'daripada', 'lu', 'manyun']","['bau', 'lem', 'banget', 'tapi', 'lumayan', 'laah', 'daripada', 'lu', 'manyun']","['bau', 'lem', 'banget', 'tapi', 'lumayan', 'laah', 'daripada', 'lu', 'manyun']",bau lem banget tapi lumayan laah daripada lu manyun
"bau lem sangat menyengat😭🙏kayak abis di tempell....,cuma keseluruhan dah bagus si cocok cocok aja,semoga awet😁",bau lem sangat menyengat kayak abis di tempell cuma keseluruhan dah bagus si cocok cocok aja semoga awet,"['bau', 'lem', 'sangat', 'menyengat', 'kayak', 'abis', 'di', 'tempell', 'cuma', 'keseluruhan', 'dah', 'bagus', 'si', 'cocok', 'cocok', 'aja', 'semoga', 'awet']","['bau', 'lem', 'sangat', 'menyengat', 'kayak', 'abis', 'di', 'tempell', 'cuma', 'keseluruhan', 'dah', 'bagus', 'si', 'cocok', 'cocok', 'aja', 'semoga', 'awet']","['bau', 'lem', 'sangat', 'sengat', 'kayak', 'abis', 'di', 'tempell', 'cuma', 'seluruh', 'dah', 'bagus', 'si', 'cocok', 'cocok', 'aja', 'moga', 'awet']",bau lem sangat sengat kayak abis di tempell cuma seluruh dah bagus si cocok cocok aja moga awet
"model keren, sesuai gbr",model keren sesuai gbr,"['model', 'keren', 'sesuai', 'gbr']","['model', 'keren', 'sesuai', 'gbr']","['model', 'keren', 'sesuai', 'gbr']",model keren sesuai gbr
"bagus sesuai gambar,real nyaman semoga awet",bagus sesuai gambar real nyaman semoga awet,"['bagus', 'sesuai', 'gambar', 'real', 'nyaman', 'semoga', 'awet']","['bagus', 'sesuai', 'gambar', 'real', 'nyaman', 'semoga', 'awet']","['bagus', 'sesuai', 'gambar', 'real', 'nyaman', 'moga', 'awet']",bagus sesuai gambar real nyaman moga awet
"sepatu bagus dan berkwalitas, barang sesuai pesanan",sepatu bagus dan berkwalitas barang sesuai pesanan,"['sepatu', 'bagus', 'dan', 'berkwalitas', 'barang', 'sesuai', 'pesanan']","['sepatu', 'bagus', 'dan', 'berkwalitas', 'barang', 'sesuai', 'pesanan']","['sepatu', 'bagus', 'dan', 'berkwalitas', 'barang', 'sesuai', 'pesan']",sepatu bagus dan berkwalitas barang sesuai pesan
alhamdulillah dikira saya awalnya takut gagal tapi ternyata pas datang beuhh cakep pokoknya gak gagal. ukuran pas warna sesuai yang di pesan bahan bagus.,alhamdulillah dikira saya awalnya takut gagal tapi ternyata pas datang beuhh cakep pokoknya gak gagal ukuran pas warna sesuai yang di pesan bahan bagus,"['alhamdulillah', 'dikira', 'saya', 'awalnya', 'takut', 'gagal', 'tapi', 'ternyata', 'pas', 'datang', 'beuhh', 'cakep', 'pokoknya', 'gak', 'gagal', 'ukuran', 'pas', 'warna', 'sesuai', 'yang', 'di', 'pesan', 'bahan', 'bagus']","['alhamdulillah', 'dikira', 'saya', 'awalnya', 'takut', 'gagal', 'tapi', 'ternyata', 'pas', 'datang', 'beuhh', 'cakep', 'pokoknya', 'tidak', 'gagal', 'ukuran', 'pas', 'warna', 'sesuai', 'yang', 'di', 'pesan', 'bahan', 'bagus']","['alhamdulillah', 'kira', 'saya', 'awal', 'takut', 'gagal', 'tapi', 'nyata', 'pas', 'datang', 'beuhh', 'cakep', 'pokok', 'tidak', 'gagal', 'ukur', 'pas', 'warna', 'sesuai', 'yang', 'di', 'pesan', 'bahan', 'bagus']",alhamdulillah kira saya awal takut gagal tapi nyata pas datang beuhh cakep pokok tidak gagal ukur pas warna sesuai yang di pesan bahan bagus
⭐️ Seller Response ⭐️ Service n Delivery ⭐️ Product as per Display ⭐️ Product in Good Condition ⭐️ Recommended Seller,seller response service n delivery product as per display product in good condition recommended seller,"['seller', 'response', 'service', 'n', 'delivery', 'product', 'as', 'per', 'display', 'product', 'in', 'good', 'condition', 'recommended', 'seller']","['seller', 'response', 'service', 'n', 'delivery', 'product', 'as', 'per', 'display', 'product', 'in', 'good', 'condition', 'recommended', 'seller']","['seller', 'response', 'service', 'n', 'delivery', 'product', 'as', 'per', 'display', 'product', 'in', 'good', 'condition', 'recommended', 'seller']",seller response service n delivery product as per display product in good condition recommended seller
walau kw tapi boleh boleh buat pemula mah overall gada yang aneh atau cacat. thanks seller,walau kw tapi boleh boleh buat pemula mah overall gada yang aneh atau cacat thanks seller,"['walau', 'kw', 'tapi', 'boleh', 'boleh', 'buat', 'pemula', 'mah', 'overall', 'gada', 'yang', 'aneh', 'atau', 'cacat', 'thanks', 'seller']","['walau', 'palsu', 'tapi', 'boleh', 'boleh', 'buat', 'pemula', 'mah', 'overall', 'gada', 'yang', 'aneh', 'atau', 'cacat', 'thanks', 'seller']","['walau', 'palsu', 'tapi', 'boleh', 'boleh', 'buat', 'mula', 'mah', 'overall', 'gada', 'yang', 'aneh', 'atau', 'cacat', 'thanks', 'seller']",walau palsu tapi boleh boleh buat mula mah overall gada yang aneh atau cacat thanks seller
"baguss, empuk, tapi sepertinya Bahan kainnya cepet rusak. Masih Ok lah",baguss empuk tapi sepertinya bahan kainnya cepet rusak masih ok lah,"['baguss', 'empuk', 'tapi', 'sepertinya', 'bahan', 'kainnya', 'cepet', 'rusak', 'masih', 'ok', 'lah']","['baguss', 'empuk', 'tapi', 'sepertinya', 'bahan', 'kainnya', 'cepet', 'rusak', 'masih', 'oke', 'lah']","['baguss', 'empuk', 'tapi', 'seperti', 'bahan', 'kain', 'cepet', 'rusak', 'masih', 'oke', 'lah']",baguss empuk tapi seperti bahan kain cepet rusak masih oke lah
"barang sesuai harga, ukuran pas, bau lem menyengat pengiriman lumayan lama",barang sesuai harga ukuran pas bau lem menyengat pengiriman lumayan lama,"['barang', 'sesuai', 'harga', 'ukuran', 'pas', 'bau', 'lem', 'menyengat', 'pengiriman', 'lumayan', 'lama']","['barang', 'sesuai', 'harga', 'ukuran', 'pas', 'bau', 'lem', 'menyengat', 'pengiriman', 'lumayan', 'lama']","['barang', 'sesuai', 'harga', 'ukur', 'pas', 'bau', 'lem', 'sengat', 'kirim', 'lumayan', 'lama']",barang sesuai harga ukur pas bau lem sengat kirim lumayan lama
"kerannn nyaman spatunya, buat trail run spatu ga ori juga tetep enak inimah",kerannn nyaman spatunya buat trail run spatu ga ori juga tetep enak inimah,"['kerannn', 'nyaman', 'spatunya', 'buat', 'trail', 'run', 'spatu', 'ga', 'ori', 'juga', 'tetep', 'enak', 'inimah']","['kerannn', 'nyaman', 'spatunya', 'buat', 'trail', 'run', 'spatu', 'tidak', 'asli', 'juga', 'tetep', 'enak', 'inimah']","['kerannn', 'nyaman', 'spatunya', 'buat', 'trail', 'run', 'spatu', 'tidak', 'asli', 'juga', 'tetep', 'enak', 'inimah']",kerannn nyaman spatunya buat trail run spatu tidak asli juga tetep enak inimah
"sesuai harga, semoga awet. kualitas lihat gambar",sesuai harga semoga awet kualitas lihat gambar,"['sesuai', 'harga', 'semoga', 'awet', 'kualitas', 'lihat', 'gambar']","['sesuai', 'harga', 'semoga', 'awet', 'kualitas', 'lihat', 'gambar']","['sesuai', 'harga', 'moga', 'awet', 'kualitas', 'lihat', 'gambar']",sesuai harga moga awet kualitas lihat gambar
"barang sesuai dengan deskripsi, pengiriman oke lah , seller bagus , over all , good 😊",barang sesuai dengan deskripsi pengiriman oke lah seller bagus over all good,"['barang', 'sesuai', 'dengan', 'deskripsi', 'pengiriman', 'oke', 'lah', 'seller', 'bagus', 'over', 'all', 'good']","['barang', 'sesuai', 'dengan', 'deskripsi', 'pengiriman', 'oke', 'lah', 'seller', 'bagus', 'over', 'all', 'good']","['barang', 'sesuai', 'dengan', 'deskripsi', 'kirim', 'oke', 'lah', 'seller', 'bagus', 'over', 'all', 'good']",barang sesuai dengan deskripsi kirim oke lah seller bagus over all good
"namanya juga tidak ori , lumayan lah dengan harga segitu bnyak bonus juga .mkasih ya semoga barang nya awet 🥰",namanya juga tidak ori lumayan lah dengan harga segitu bnyak bonus juga mkasih ya semoga barang nya awet,"['namanya', 'juga', 'tidak', 'ori', 'lumayan', 'lah', 'dengan', 'harga', 'segitu', 'bnyak', 'bonus', 'juga', 'mkasih', 'ya', 'semoga', 'barang', 'nya', 'awet']","['namanya', 'juga', 'tidak', 'asli', 'lumayan', 'lah', 'dengan', 'harga', 'segitu', 'bnyak', 'bonus', 'juga', 'mkasih', 'ya', 'semoga', 'barang', 'nya', 'awet']","['nama', 'juga', 'tidak', 'asli', 'lumayan', 'lah', 'dengan', 'harga', 'segitu', 'bnyak', 'bonus', 'juga', 'mkasih', 'ya', 'moga', 'barang', 'nya', 'awet']",nama juga tidak asli lumayan lah dengan harga segitu bnyak bonus juga mkasih ya moga barang nya awet
"paketnya sudah saya terima dengan baik , kwalitasnya bagus , pengiriman lancar jaya.semoga menjadi amanah dalam menjalankan usahanya.amin ya robal alamin.",paketnya sudah saya terima dengan baik kwalitasnya bagus pengiriman lancar jaya semoga menjadi amanah dalam menjalankan usahanya amin ya robal alamin,"['paketnya', 'sudah', 'saya', 'terima', 'dengan', 'baik', 'kwalitasnya', 'bagus', 'pengiriman', 'lancar', 'jaya', 'semoga', 'menjadi', 'amanah', 'dalam', 'menjalankan', 'usahanya', 'amin', 'ya', 'robal', 'alamin']","['paketnya', 'sudah', 'saya', 'terima', 'dengan', 'baik', 'kwalitasnya', 'bagus', 'pengiriman', 'lancar', 'jaya', 'semoga', 'menjadi', 'amanah', 'dalam', 'menjalankan', 'usahanya', 'amin', 'ya', 'robal', 'alamin']","['paket', 'sudah', 'saya', 'terima', 'dengan', 'baik', 'kwalitasnya', 'bagus', 'kirim', 'lancar', 'jaya', 'moga', 'jadi', 'amanah', 'dalam', 'jalan', 'usaha', 'amin', 'ya', 'robal', 'alamin']",paket sudah saya terima dengan baik kwalitasnya bagus kirim lancar jaya moga jadi amanah dalam jalan usaha amin ya robal alamin
"Berkualitas meskipun harga minim, untuk harga segini okelah. Lemnya aja mungkin harus lebih rapi lagi. Overall oke",berkualitas meskipun harga minim untuk harga segini okelah lemnya aja mungkin harus lebih rapi lagi overall oke,"['berkualitas', 'meskipun', 'harga', 'minim', 'untuk', 'harga', 'segini', 'okelah', 'lemnya', 'aja', 'mungkin', 'harus', 'lebih', 'rapi', 'lagi', 'overall', 'oke']","['berkualitas', 'meskipun', 'harga', 'minim', 'untuk', 'harga', 'segini', 'okelah', 'lemnya', 'aja', 'mungkin', 'harus', 'lebih', 'rapi', 'lagi', 'overall', 'oke']","['kualitas', 'meski', 'harga', 'minim', 'untuk', 'harga', 'gin', 'oke', 'lem', 'aja', 'mungkin', 'harus', 'lebih', 'rapi', 'lagi', 'overall', 'oke']",kualitas meski harga minim untuk harga gin oke lem aja mungkin harus lebih rapi lagi overall oke
Paket sepatu hoka nya sudah diterima pembelian yg kedua bagus sprti Ori nggak ada cacat dpt bonus kaos kaki & tas mksih bnyak Kakak,paket sepatu hoka nya sudah diterima pembelian yg kedua bagus sprti ori nggak ada cacat dpt bonus kaos kaki tas mksih bnyak kakak,"['paket', 'sepatu', 'hoka', 'nya', 'sudah', 'diterima', 'pembelian', 'yg', 'kedua', 'bagus', 'sprti', 'ori', 'nggak', 'ada', 'cacat', 'dpt', 'bonus', 'kaos', 'kaki', 'tas', 'mksih', 'bnyak', 'kakak']","['paket', 'sepatu', 'hoka', 'nya', 'sudah', 'diterima', 'pembelian', 'yang', 'kedua', 'bagus', 'sprti', 'asli', 'tidak', 'ada', 'cacat', 'dpt', 'bonus', 'kaos', 'kaki', 'tas', 'mksih', 'bnyak', 'kakak']","['paket', 'sepatu', 'hoka', 'nya', 'sudah', 'terima', 'beli', 'yang', 'dua', 'bagus', 'sprti', 'asli', 'tidak', 'ada', 'cacat', 'dpt', 'bonus', 'kaos', 'kaki', 'tas', 'mksih', 'bnyak', 'kakak']",paket sepatu hoka nya sudah terima beli yang dua bagus sprti asli tidak ada cacat dpt bonus kaos kaki tas mksih bnyak kakak
"untuk harga 180rb, dpt tas sepatu, kaos kaki... dipakai jg nyaman oke, msh ad jg yg review * bintang rendah.. namanya sepatu sesuai harga yg menurut sya ini sudah bagus.. klau mau perfect beli ori donk admin jg gercep 🙏tq",untuk harga 180rb dpt tas sepatu kaos kaki dipakai jg nyaman oke msh ad jg yg review bintang rendah namanya sepatu sesuai harga yg menurut sya ini sudah bagus klau mau perfect beli ori donk admin jg gercep tq,"['untuk', 'harga', '180rb', 'dpt', 'tas', 'sepatu', 'kaos', 'kaki', 'dipakai', 'jg', 'nyaman', 'oke', 'msh', 'ad', 'jg', 'yg', 'review', 'bintang', 'rendah', 'namanya', 'sepatu', 'sesuai', 'harga', 'yg', 'menurut', 'sya', 'ini', 'sudah', 'bagus', 'klau', 'mau', 'perfect', 'beli', 'ori', 'donk', 'admin', 'jg', 'gercep', 'tq']","['untuk', 'harga', '180rb', 'dpt', 'tas', 'sepatu', 'kaos', 'kaki', 'dipakai', 'jg', 'nyaman', 'oke', 'msh', 'ad', 'jg', 'yang', 'review', 'bintang', 'rendah', 'namanya', 'sepatu', 'sesuai', 'harga', 'yang', 'menurut', 'sya', 'ini', 'sudah', 'bagus', 'klau', 'mau', 'perfect', 'beli', 'asli', 'donk', 'admin', 'jg', 'gercep', 'tq']","['untuk', 'harga', '180rb', 'dpt', 'tas', 'sepatu', 'kaos', 'kaki', 'pakai', 'jg', 'nyaman', 'oke', 'msh', 'ad', 'jg', 'yang', 'review', 'bintang', 'rendah', 'nama', 'sepatu', 'sesuai', 'harga', 'yang', 'turut', 'sya', 'ini', 'sudah', 'bagus', 'klau', 'mau', 'perfect', 'beli', 'asli', 'donk', 'admin', 'jg', 'gercep', 'tq']",untuk harga 180rb dpt tas sepatu kaos kaki pakai jg nyaman oke msh ad jg yang review bintang rendah nama sepatu sesuai harga yang turut sya ini sudah bagus klau mau perfect beli asli donk admin jg gercep tq
"sepatu nya bgus ukuran nya pas, nyaman banget di pakai",sepatu nya bgus ukuran nya pas nyaman banget di pakai,"['sepatu', 'nya', 'bgus', 'ukuran', 'nya', 'pas', 'nyaman', 'banget', 'di', 'pakai']","['sepatu', 'nya', 'bgus', 'ukuran', 'nya', 'pas', 'nyaman', 'banget', 'di', 'pakai']","['sepatu', 'nya', 'bgus', 'ukur', 'nya', 'pas', 'nyaman', 'banget', 'di', 'pakai']",sepatu nya bgus ukur nya pas nyaman banget di pakai
Kualitas barang nya bagus dan keren serta pengiriman nya cepat,kualitas barang nya bagus dan keren serta pengiriman nya cepat,"['kualitas', 'barang', 'nya', 'bagus', 'dan', 'keren', 'serta', 'pengiriman', 'nya', 'cepat']","['kualitas', 'barang', 'nya', 'bagus', 'dan', 'keren', 'serta', 'pengiriman', 'nya', 'cepat']","['kualitas', 'barang', 'nya', 'bagus', 'dan', 'keren', 'serta', 'kirim', 'nya', 'cepat']",kualitas barang nya bagus dan keren serta kirim nya cepat
yang sebelah kanan mencong/miring pemasangan nya terlalu ke kanan..,yang sebelah kanan mencong miring pemasangan nya terlalu ke kanan,"['yang', 'sebelah', 'kanan', 'mencong', 'miring', 'pemasangan', 'nya', 'terlalu', 'ke', 'kanan']","['yang', 'sebelah', 'kanan', 'mencong', 'miring', 'pemasangan', 'nya', 'terlalu', 'ke', 'kanan']","['yang', 'belah', 'kanan', 'mencong', 'miring', 'pasang', 'nya', 'terlalu', 'ke', 'kanan']",yang belah kanan mencong miring pasang nya terlalu ke kanan
bagus bangeeet... meski ga seempuk aslinya yang memang harga jutaan,bagus bangeeet meski ga seempuk aslinya yang memang harga jutaan,"['bagus', 'bangeeet', 'meski', 'ga', 'seempuk', 'aslinya', 'yang', 'memang', 'harga', 'jutaan']","['bagus', 'bangeeet', 'meski', 'tidak', 'seempuk', 'aslinya', 'yang', 'memang', 'harga', 'jutaan']","['bagus', 'bangeeet', 'meski', 'tidak', 'empuk', 'asli', 'yang', 'memang', 'harga', 'juta']",bagus bangeeet meski tidak empuk asli yang memang harga juta
"barang bagus, ukuran pas, semoga awet dan tahan lama",barang bagus ukuran pas semoga awet dan tahan lama,"['barang', 'bagus', 'ukuran', 'pas', 'semoga', 'awet', 'dan', 'tahan', 'lama']","['barang', 'bagus', 'ukuran', 'pas', 'semoga', 'awet', 'dan', 'tahan', 'lama']","['barang', 'bagus', 'ukur', 'pas', 'moga', 'awet', 'dan', 'tahan', 'lama']",barang bagus ukur pas moga awet dan tahan lama
"jangan ekspektasi tinggi, namanya juga KW 44nya kecil banget, kayanya harus nambah 1 ukuran",jangan ekspektasi tinggi namanya juga kw 44nya kecil banget kayanya harus nambah 1 ukuran,"['jangan', 'ekspektasi', 'tinggi', 'namanya', 'juga', 'kw', '44nya', 'kecil', 'banget', 'kayanya', 'harus', 'nambah', '1', 'ukuran']","['jangan', 'ekspektasi', 'tinggi', 'namanya', 'juga', 'palsu', '44nya', 'kecil', 'banget', 'kayanya', 'harus', 'nambah', '1', 'ukuran']","['jangan', 'ekspektasi', 'tinggi', 'nama', 'juga', 'palsu', '44nya', 'kecil', 'banget', 'kaya', 'harus', 'nambah', '1', 'ukur']",jangan ekspektasi tinggi nama juga palsu 44nya kecil banget kaya harus nambah 1 ukur
barangnya bagus keren sesuai deskripsi. apalagi ada bonusnya. Mantap seller!,barangnya bagus keren sesuai deskripsi apalagi ada bonusnya mantap seller,"['barangnya', 'bagus', 'keren', 'sesuai', 'deskripsi', 'apalagi', 'ada', 'bonusnya', 'mantap', 'seller']","['barangnya', 'bagus', 'keren', 'sesuai', 'deskripsi', 'apalagi', 'ada', 'bonusnya', 'mantap', 'seller']","['barang', 'bagus', 'keren', 'sesuai', 'deskripsi', 'apalagi', 'ada', 'bonus', 'mantap', 'seller']",barang bagus keren sesuai deskripsi apalagi ada bonus mantap seller
ukurannya 44 barang bagus banget seusai sama yg di foto,ukurannya 44 barang bagus banget seusai sama yg di foto,"['ukurannya', '44', 'barang', 'bagus', 'banget', 'seusai', 'sama', 'yg', 'di', 'foto']","['ukurannya', '44', 'barang', 'bagus', 'banget', 'seusai', 'sama', 'yang', 'di', 'foto']","['ukur', '44', 'barang', 'bagus', 'banget', 'usai', 'sama', 'yang', 'di', 'foto']",ukur 44 barang bagus banget usai sama yang di foto
"keren..nyaman di pakai,sesuai harga. pengiriman super cepat. tengkiyu much",keren nyaman di pakai sesuai harga pengiriman super cepat tengkiyu much,"['keren', 'nyaman', 'di', 'pakai', 'sesuai', 'harga', 'pengiriman', 'super', 'cepat', 'tengkiyu', 'much']","['keren', 'nyaman', 'di', 'pakai', 'sesuai', 'harga', 'pengiriman', 'super', 'cepat', 'tengkiyu', 'much']","['keren', 'nyaman', 'di', 'pakai', 'sesuai', 'harga', 'kirim', 'super', 'cepat', 'tengkiyu', 'much']",keren nyaman di pakai sesuai harga kirim super cepat tengkiyu much
"murah tapi gak murahan,jos gandos barang bagus",murah tapi gak murahan jos gandos barang bagus,"['murah', 'tapi', 'gak', 'murahan', 'jos', 'gandos', 'barang', 'bagus']","['murah', 'tapi', 'tidak', 'murahan', 'jos', 'gandos', 'barang', 'bagus']","['murah', 'tapi', 'tidak', 'murah', 'jos', 'gandos', 'barang', 'bagus']",murah tapi tidak murah jos gandos barang bagus
Mantep..👍👍 Barang bagus tidak mengecewakan,mantep barang bagus tidak mengecewakan,"['mantep', 'barang', 'bagus', 'tidak', 'mengecewakan']","['mantep', 'barang', 'bagus', 'tidak', 'kecewa']","['mantep', 'barang', 'bagus', 'tidak', 'kecewa']",mantep barang bagus tidak kecewa
barang ny sudah sampai. bagus banget.. tidak ada rusak.,barang ny sudah sampai bagus banget tidak ada rusak,"['barang', 'ny', 'sudah', 'sampai', 'bagus', 'banget', 'tidak', 'ada', 'rusak']","['barang', 'nya', 'sudah', 'sampai', 'bagus', 'banget', 'tidak', 'ada', 'rusak']","['barang', 'nya', 'sudah', 'sampai', 'bagus', 'banget', 'tidak', 'ada', 'rusak']",barang nya sudah sampai bagus banget tidak ada rusak
barang udah keterima sesuai harga semoga awet pengiriman lebih cepat dr estimasi makasih seller dan tompid 👍👍,barang udah keterima sesuai harga semoga awet pengiriman lebih cepat dr estimasi makasih seller dan tompid,"['barang', 'udah', 'keterima', 'sesuai', 'harga', 'semoga', 'awet', 'pengiriman', 'lebih', 'cepat', 'dr', 'estimasi', 'makasih', 'seller', 'dan', 'tompid']","['barang', 'udah', 'keterima', 'sesuai', 'harga', 'semoga', 'awet', 'pengiriman', 'lebih', 'cepat', 'dr', 'estimasi', 'makasih', 'seller', 'dan', 'tompid']","['barang', 'udah', 'terima', 'sesuai', 'harga', 'moga', 'awet', 'kirim', 'lebih', 'cepat', 'dr', 'estimasi', 'makasih', 'seller', 'dan', 'tompid']",barang udah terima sesuai harga moga awet kirim lebih cepat dr estimasi makasih seller dan tompid
mantap sesuai pesanan respon toko nya baik,mantap sesuai pesanan respon toko nya baik,"['mantap', 'sesuai', 'pesanan', 'respon', 'toko', 'nya', 'baik']","['mantap', 'sesuai', 'pesanan', 'respon', 'toko', 'nya', 'baik']","['mantap', 'sesuai', 'pesan', 'respon', 'toko', 'nya', 'baik']",mantap sesuai pesan respon toko nya baik
keren banget ka sepatunya terima kasih recomended seller banget,keren banget ka sepatunya terima kasih recomended seller banget,"['keren', 'banget', 'ka', 'sepatunya', 'terima', 'kasih', 'recomended', 'seller', 'banget']","['keren', 'banget', 'ka', 'sepatunya', 'terima', 'kasih', 'recomended', 'seller', 'banget']","['keren', 'banget', 'ka', 'sepatu', 'terima', 'kasih', 'recomended', 'seller', 'banget']",keren banget ka sepatu terima kasih recomended seller banget
senang dgn barangnya. penjualnya juga ok. mudah2an awet sepatunya.,senang dgn barangnya penjualnya juga ok mudah2an awet sepatunya,"['senang', 'dgn', 'barangnya', 'penjualnya', 'juga', 'ok', 'mudah2an', 'awet', 'sepatunya']","['senang', 'dgn', 'barangnya', 'penjualnya', 'juga', 'oke', 'mudah2an', 'awet', 'sepatunya']","['senang', 'dgn', 'barang', 'jual', 'juga', 'oke', 'mudah2an', 'awet', 'sepatu']",senang dgn barang jual juga oke mudah2an awet sepatu
FULL BLACK MANTAB lah ..bonus kaos kaki & shoes bag...thanks broo,full black mantab lah bonus kaos kaki shoes bag thanks broo,"['full', 'black', 'mantab', 'lah', 'bonus', 'kaos', 'kaki', 'shoes', 'bag', 'thanks', 'broo']","['full', 'black', 'mantab', 'lah', 'bonus', 'kaos', 'kaki', 'shoes', 'bag', 'thanks', 'broo']","['full', 'black', 'mantab', 'lah', 'bonus', 'kaos', 'kaki', 'shoes', 'bag', 'thanks', 'broo']",full black mantab lah bonus kaos kaki shoes bag thanks broo
mantab enak d pakai. semoga awet,mantab enak d pakai semoga awet,"['mantab', 'enak', 'd', 'pakai', 'semoga', 'awet']","['mantab', 'enak', 'd', 'pakai', 'semoga', 'awet']","['mantab', 'enak', 'd', 'pakai', 'moga', 'awet']",mantab enak d pakai moga awet
barang sesuai dengan pesanan. ada harga ada barang,barang sesuai dengan pesanan ada harga ada barang,"['barang', 'sesuai', 'dengan', 'pesanan', 'ada', 'harga', 'ada', 'barang']","['barang', 'sesuai', 'dengan', 'pesanan', 'ada', 'harga', 'ada', 'barang']","['barang', 'sesuai', 'dengan', 'pesan', 'ada', 'harga', 'ada', 'barang']",barang sesuai dengan pesan ada harga ada barang
"Keren bgt dehh, ga bakal nyesel beli sepatu di sini. Harga segitu udh dpt sepatu keren plus tas untuk sepatu dan kaos kaki.",keren bgt dehh ga bakal nyesel beli sepatu di sini harga segitu udh dpt sepatu keren plus tas untuk sepatu dan kaos kaki,"['keren', 'bgt', 'dehh', 'ga', 'bakal', 'nyesel', 'beli', 'sepatu', 'di', 'sini', 'harga', 'segitu', 'udh', 'dpt', 'sepatu', 'keren', 'plus', 'tas', 'untuk', 'sepatu', 'dan', 'kaos', 'kaki']","['keren', 'banget', 'dehh', 'tidak', 'bakal', 'nyesel', 'beli', 'sepatu', 'di', 'sini', 'harga', 'segitu', 'sudah', 'dpt', 'sepatu', 'keren', 'plus', 'tas', 'untuk', 'sepatu', 'dan', 'kaos', 'kaki']","['keren', 'banget', 'dehh', 'tidak', 'bakal', 'nyesel', 'beli', 'sepatu', 'di', 'sini', 'harga', 'segitu', 'sudah', 'dpt', 'sepatu', 'keren', 'plus', 'tas', 'untuk', 'sepatu', 'dan', 'kaos', 'kaki']",keren banget dehh tidak bakal nyesel beli sepatu di sini harga segitu sudah dpt sepatu keren plus tas untuk sepatu dan kaos kaki
"sepatu sesuai dengan harganya🙏, mantap",sepatu sesuai dengan harganya mantap,"['sepatu', 'sesuai', 'dengan', 'harganya', 'mantap']","['sepatu', 'sesuai', 'dengan', 'harganya', 'mantap']","['sepatu', 'sesuai', 'dengan', 'harga', 'mantap']",sepatu sesuai dengan harga mantap
baguss banget.kalo mau pesen emang harus itungan cm yah,baguss banget kalo mau pesen emang harus itungan cm yah,"['baguss', 'banget', 'kalo', 'mau', 'pesen', 'emang', 'harus', 'itungan', 'cm', 'yah']","['baguss', 'banget', 'kalo', 'mau', 'pesen', 'emang', 'harus', 'itungan', 'cm', 'yah']","['baguss', 'banget', 'kalo', 'mau', 'sen', 'emang', 'harus', 'itungan', 'cm', 'yah']",baguss banget kalo mau sen emang harus itungan cm yah
"Barang oke, nyaman dan enteng di pakai",barang oke nyaman dan enteng di pakai,"['barang', 'oke', 'nyaman', 'dan', 'enteng', 'di', 'pakai']","['barang', 'oke', 'nyaman', 'dan', 'enteng', 'di', 'pakai']","['barang', 'oke', 'nyaman', 'dan', 'enteng', 'di', 'pakai']",barang oke nyaman dan enteng di pakai
"pesanan sdh dterima,,mantaaaplh good seller,,Tk's,,",pesanan sdh dterima mantaaaplh good seller tk s,"['pesanan', 'sdh', 'dterima', 'mantaaaplh', 'good', 'seller', 'tk', 's']","['pesanan', 'sudah', 'dterima', 'mantaaaplh', 'good', 'seller', 'tk', 's']","['pesan', 'sudah', 'dterima', 'mantaaaplh', 'good', 'seller', 'tk', 's']",pesan sudah dterima mantaaaplh good seller tk s
"Terima kasih Seller, pesanannya datang dengan aman & packagingnya rapi. 😉 Ukuran: 39 Warna: Grey Yellow",terima kasih seller pesanannya datang dengan aman packagingnya rapi ukuran 39 warna grey yellow,"['terima', 'kasih', 'seller', 'pesanannya', 'datang', 'dengan', 'aman', 'packagingnya', 'rapi', 'ukuran', '39', 'warna', 'grey', 'yellow']","['terima', 'kasih', 'seller', 'pesanannya', 'datang', 'dengan', 'aman', 'packagingnya', 'rapi', 'ukuran', '39', 'warna', 'grey', 'yellow']","['terima', 'kasih', 'seller', 'pesan', 'datang', 'dengan', 'aman', 'packagingnya', 'rapi', 'ukur', '39', 'warna', 'grey', 'yellow']",terima kasih seller pesan datang dengan aman packagingnya rapi ukur 39 warna grey yellow
"barang bisa dinilai sendiri dari gambar,",barang bisa dinilai sendiri dari gambar,"['barang', 'bisa', 'dinilai', 'sendiri', 'dari', 'gambar']","['barang', 'bisa', 'dinilai', 'sendiri', 'dari', 'gambar']","['barang', 'bisa', 'nilai', 'sendiri', 'dari', 'gambar']",barang bisa nilai sendiri dari gambar
keren barangnya dan cepet anternya,keren barangnya dan cepet anternya,"['keren', 'barangnya', 'dan', 'cepet', 'anternya']","['keren', 'barangnya', 'dan', 'cepet', 'anternya']","['keren', 'barang', 'dan', 'cepet', 'anter']",keren barang dan cepet anter
"barang nya bagus, sampai nya juga cepet",barang nya bagus sampai nya juga cepet,"['barang', 'nya', 'bagus', 'sampai', 'nya', 'juga', 'cepet']","['barang', 'nya', 'bagus', 'sampai', 'nya', 'juga', 'cepet']","['barang', 'nya', 'bagus', 'sampai', 'nya', 'juga', 'cepet']",barang nya bagus sampai nya juga cepet
"Sepatunya lumayan bagus, It's comfortable to wear",sepatunya lumayan bagus it s comfortable to wear,"['sepatunya', 'lumayan', 'bagus', 'it', 's', 'comfortable', 'to', 'wear']","['sepatunya', 'lumayan', 'bagus', 'it', 's', 'comfortable', 'to', 'wear']","['sepatu', 'lumayan', 'bagus', 'it', 's', 'comfortable', 'to', 'wear']",sepatu lumayan bagus it s comfortable to wear
Barang sesuai pesanan. Proses cepat..,barang sesuai pesanan proses cepat,"['barang', 'sesuai', 'pesanan', 'proses', 'cepat']","['barang', 'sesuai', 'pesanan', 'proses', 'cepat']","['barang', 'sesuai', 'pesan', 'proses', 'cepat']",barang sesuai pesan proses cepat
sudah 2 kali beli g nyesal. good dan mantul👍🏻,sudah 2 kali beli g nyesal good dan mantul,"['sudah', '2', 'kali', 'beli', 'g', 'nyesal', 'good', 'dan', 'mantul']","['sudah', '2', 'kali', 'beli', 'g', 'nyesal', 'good', 'dan', 'mantap']","['sudah', '2', 'kali', 'beli', 'g', 'nyesal', 'good', 'dan', 'mantap']",sudah 2 kali beli g nyesal good dan mantap
barngnya bagus pengiriman cepat,barngnya bagus pengiriman cepat,"['barngnya', 'bagus', 'pengiriman', 'cepat']","['barngnya', 'bagus', 'pengiriman', 'cepat']","['barngnya', 'bagus', 'kirim', 'cepat']",barngnya bagus kirim cepat
"barang bagus, warna suka banget mudah2an awet",barang bagus warna suka banget mudah2an awet,"['barang', 'bagus', 'warna', 'suka', 'banget', 'mudah2an', 'awet']","['barang', 'bagus', 'warna', 'suka', 'banget', 'mudah2an', 'awet']","['barang', 'bagus', 'warna', 'suka', 'banget', 'mudah2an', 'awet']",barang bagus warna suka banget mudah2an awet
seller responsif. barang okelah sesuai harga. jangan berharap ori dengan harga terjangkau jauh.,seller responsif barang okelah sesuai harga jangan berharap ori dengan harga terjangkau jauh,"['seller', 'responsif', 'barang', 'okelah', 'sesuai', 'harga', 'jangan', 'berharap', 'ori', 'dengan', 'harga', 'terjangkau', 'jauh']","['seller', 'responsif', 'barang', 'okelah', 'sesuai', 'harga', 'jangan', 'berharap', 'asli', 'dengan', 'harga', 'terjangkau', 'jauh']","['seller', 'responsif', 'barang', 'oke', 'sesuai', 'harga', 'jangan', 'harap', 'asli', 'dengan', 'harga', 'jangkau', 'jauh']",seller responsif barang oke sesuai harga jangan harap asli dengan harga jangkau jauh
"sepatunya bagus, hanya saja jahitan dan lem2nya kurang rapi, tapi lumayanlah dengan harga segitu mah, penjual nya ramah sangat respon pengiriman cepat",sepatunya bagus hanya saja jahitan dan lem2nya kurang rapi tapi lumayanlah dengan harga segitu mah penjual nya ramah sangat respon pengiriman cepat,"['sepatunya', 'bagus', 'hanya', 'saja', 'jahitan', 'dan', 'lem2nya', 'kurang', 'rapi', 'tapi', 'lumayanlah', 'dengan', 'harga', 'segitu', 'mah', 'penjual', 'nya', 'ramah', 'sangat', 'respon', 'pengiriman', 'cepat']","['sepatunya', 'bagus', 'hanya', 'saja', 'jahitan', 'dan', 'lem2nya', 'kurang', 'rapi', 'tapi', 'lumayanlah', 'dengan', 'harga', 'segitu', 'mah', 'penjual', 'nya', 'ramah', 'sangat', 'respon', 'pengiriman', 'cepat']","['sepatu', 'bagus', 'hanya', 'saja', 'jahit', 'dan', 'lem2nya', 'kurang', 'rapi', 'tapi', 'lumayan', 'dengan', 'harga', 'segitu', 'mah', 'jual', 'nya', 'ramah', 'sangat', 'respon', 'kirim', 'cepat']",sepatu bagus hanya saja jahit dan lem2nya kurang rapi tapi lumayan dengan harga segitu mah jual nya ramah sangat respon kirim cepat
"Kualitas sesuai harga, ada bonus kaos kaki serta tas sepatu, tp bau lem cukup menyengat",kualitas sesuai harga ada bonus kaos kaki serta tas sepatu tp bau lem cukup menyengat,"['kualitas', 'sesuai', 'harga', 'ada', 'bonus', 'kaos', 'kaki', 'serta', 'tas', 'sepatu', 'tp', 'bau', 'lem', 'cukup', 'menyengat']","['kualitas', 'sesuai', 'harga', 'ada', 'bonus', 'kaos', 'kaki', 'serta', 'tas', 'sepatu', 'tapi', 'bau', 'lem', 'cukup', 'menyengat']","['kualitas', 'sesuai', 'harga', 'ada', 'bonus', 'kaos', 'kaki', 'serta', 'tas', 'sepatu', 'tapi', 'bau', 'lem', 'cukup', 'sengat']",kualitas sesuai harga ada bonus kaos kaki serta tas sepatu tapi bau lem cukup sengat
Bentuk dan ukuran: ukuran pas Daya tahan pakai: belum dicoba semoga awet,bentuk dan ukuran ukuran pas daya tahan pakai belum dicoba semoga awet,"['bentuk', 'dan', 'ukuran', 'ukuran', 'pas', 'daya', 'tahan', 'pakai', 'belum', 'dicoba', 'semoga', 'awet']","['bentuk', 'dan', 'ukuran', 'ukuran', 'pas', 'daya', 'tahan', 'pakai', 'belum', 'dicoba', 'semoga', 'awet']","['bentuk', 'dan', 'ukur', 'ukur', 'pas', 'daya', 'tahan', 'pakai', 'belum', 'coba', 'moga', 'awet']",bentuk dan ukur ukur pas daya tahan pakai belum coba moga awet
kwalitas barang bagus shg beli lagi. cuma sayangnya kurir tidak bertanggung jawab. meletakkan barang di luar pagar rumah. untungnya barang tidak hilang. sebaiknya kurir tdk dipakai karena tdk bertanggung jawab dan bisa merugikan,kwalitas barang bagus shg beli lagi cuma sayangnya kurir tidak bertanggung jawab meletakkan barang di luar pagar rumah untungnya barang tidak hilang sebaiknya kurir tdk dipakai karena tdk bertanggung jawab dan bisa merugikan,"['kwalitas', 'barang', 'bagus', 'shg', 'beli', 'lagi', 'cuma', 'sayangnya', 'kurir', 'tidak', 'bertanggung', 'jawab', 'meletakkan', 'barang', 'di', 'luar', 'pagar', 'rumah', 'untungnya', 'barang', 'tidak', 'hilang', 'sebaiknya', 'kurir', 'tdk', 'dipakai', 'karena', 'tdk', 'bertanggung', 'jawab', 'dan', 'bisa', 'merugikan']","['kualitas', 'barang', 'bagus', 'shg', 'beli', 'lagi', 'cuma', 'sayangnya', 'kurir', 'tidak', 'bertanggung', 'jawab', 'meletakkan', 'barang', 'di', 'luar', 'pagar', 'rumah', 'untungnya', 'barang', 'tidak', 'hilang', 'sebaiknya', 'kurir', 'tdk', 'dipakai', 'karena', 'tdk', 'bertanggung', 'jawab', 'dan', 'bisa', 'merugikan']","['kualitas', 'barang', 'bagus', 'shg', 'beli', 'lagi', 'cuma', 'sayang', 'kurir', 'tidak', 'tanggung', 'jawab', 'letak', 'barang', 'di', 'luar', 'pagar', 'rumah', 'untung', 'barang', 'tidak', 'hilang', 'baik', 'kurir', 'tdk', 'pakai', 'karena', 'tdk', 'tanggung', 'jawab', 'dan', 'bisa', 'rugi']",kualitas barang bagus shg beli lagi cuma sayang kurir tidak tanggung jawab letak barang di luar pagar rumah untung barang tidak hilang baik kurir tdk pakai karena tdk tanggung jawab dan bisa rugi
"kualitas sepatu bagus, cocok dgn harga nya. hanya saja size 44 nya spt size 43 di Nike",kualitas sepatu bagus cocok dgn harga nya hanya saja size 44 nya spt size 43 di nike,"['kualitas', 'sepatu', 'bagus', 'cocok', 'dgn', 'harga', 'nya', 'hanya', 'saja', 'size', '44', 'nya', 'spt', 'size', '43', 'di', 'nike']","['kualitas', 'sepatu', 'bagus', 'cocok', 'dgn', 'harga', 'nya', 'hanya', 'saja', 'size', '44', 'nya', 'spt', 'size', '43', 'di', 'nike']","['kualitas', 'sepatu', 'bagus', 'cocok', 'dgn', 'harga', 'nya', 'hanya', 'saja', 'size', '44', 'nya', 'spt', 'size', '43', 'di', 'nike']",kualitas sepatu bagus cocok dgn harga nya hanya saja size 44 nya spt size 43 di nike
"Sesuai sih, tapi untuk ukuran 44nya kok kecil banget ya? untuk bonus ya oke tapi kaos kakinya gabisa masuk di kaki ane",sesuai sih tapi untuk ukuran 44nya kok kecil banget ya untuk bonus ya oke tapi kaos kakinya gabisa masuk di kaki ane,"['sesuai', 'sih', 'tapi', 'untuk', 'ukuran', '44nya', 'kok', 'kecil', 'banget', 'ya', 'untuk', 'bonus', 'ya', 'oke', 'tapi', 'kaos', 'kakinya', 'gabisa', 'masuk', 'di', 'kaki', 'ane']","['sesuai', 'sih', 'tapi', 'untuk', 'ukuran', '44nya', 'kok', 'kecil', 'banget', 'ya', 'untuk', 'bonus', 'ya', 'oke', 'tapi', 'kaos', 'kakinya', 'gabisa', 'masuk', 'di', 'kaki', 'ane']","['sesuai', 'sih', 'tapi', 'untuk', 'ukur', '44nya', 'kok', 'kecil', 'banget', 'ya', 'untuk', 'bonus', 'ya', 'oke', 'tapi', 'kaos', 'kaki', 'gabisa', 'masuk', 'di', 'kaki', 'ane']",sesuai sih tapi untuk ukur 44nya kok kecil banget ya untuk bonus ya oke tapi kaos kaki gabisa masuk di kaki ane
"seperti kata orang2 yg mereview produk ini. ""bau lem"". cm secara kualitas meskipun KW tetep mantab. semoga sepatunya awet. respon seller juga sat set tas tes.",seperti kata orang2 yg mereview produk ini bau lem cm secara kualitas meskipun kw tetep mantab semoga sepatunya awet respon seller juga sat set tas tes,"['seperti', 'kata', 'orang2', 'yg', 'mereview', 'produk', 'ini', 'bau', 'lem', 'cm', 'secara', 'kualitas', 'meskipun', 'kw', 'tetep', 'mantab', 'semoga', 'sepatunya', 'awet', 'respon', 'seller', 'juga', 'sat', 'set', 'tas', 'tes']","['seperti', 'kata', 'orang2', 'yang', 'mereview', 'produk', 'ini', 'bau', 'lem', 'cm', 'secara', 'kualitas', 'meskipun', 'palsu', 'tetep', 'mantab', 'semoga', 'sepatunya', 'awet', 'respon', 'seller', 'juga', 'sat', 'set', 'tas', 'tes']","['seperti', 'kata', 'orang2', 'yang', 'mereview', 'produk', 'ini', 'bau', 'lem', 'cm', 'cara', 'kualitas', 'meski', 'palsu', 'tetep', 'mantab', 'moga', 'sepatu', 'awet', 'respon', 'seller', 'juga', 'sat', 'set', 'tas', 'tes']",seperti kata orang2 yang mereview produk ini bau lem cm cara kualitas meski palsu tetep mantab moga sepatu awet respon seller juga sat set tas tes
sesuai hargalah yaa..,sesuai hargalah yaa,"['sesuai', 'hargalah', 'yaa']","['sesuai', 'hargalah', 'yaa']","['sesuai', 'harga', 'yaa']",sesuai harga yaa
mayan ya untuk harga sgitu... saya udah lebihin 1 nomor.. ternyata masih agak sempit.. barang sampai dengan selamat.. packing cuma pakai plastik hitam tipis respon seller lumayan gercep happy shopping,mayan ya untuk harga sgitu saya udah lebihin 1 nomor ternyata masih agak sempit barang sampai dengan selamat packing cuma pakai plastik hitam tipis respon seller lumayan gercep happy shopping,"['mayan', 'ya', 'untuk', 'harga', 'sgitu', 'saya', 'udah', 'lebihin', '1', 'nomor', 'ternyata', 'masih', 'agak', 'sempit', 'barang', 'sampai', 'dengan', 'selamat', 'packing', 'cuma', 'pakai', 'plastik', 'hitam', 'tipis', 'respon', 'seller', 'lumayan', 'gercep', 'happy', 'shopping']","['mayan', 'ya', 'untuk', 'harga', 'sgitu', 'saya', 'udah', 'lebihin', '1', 'nomor', 'ternyata', 'masih', 'agak', 'sempit', 'barang', 'sampai', 'dengan', 'selamat', 'packing', 'cuma', 'pakai', 'plastik', 'hitam', 'tipis', 'respon', 'seller', 'lumayan', 'gercep', 'happy', 'shopping']","['mayan', 'ya', 'untuk', 'harga', 'sgitu', 'saya', 'udah', 'lebihin', '1', 'nomor', 'nyata', 'masih', 'agak', 'sempit', 'barang', 'sampai', 'dengan', 'selamat', 'packing', 'cuma', 'pakai', 'plastik', 'hitam', 'tipis', 'respon', 'seller', 'lumayan', 'gercep', 'happy', 'shopping']",mayan ya untuk harga sgitu saya udah lebihin 1 nomor nyata masih agak sempit barang sampai dengan selamat packing cuma pakai plastik hitam tipis respon seller lumayan gercep happy shopping
"overall ok, bau lem foxnya sangat menyengat. semoga awet",overall ok bau lem foxnya sangat menyengat semoga awet,"['overall', 'ok', 'bau', 'lem', 'foxnya', 'sangat', 'menyengat', 'semoga', 'awet']","['overall', 'oke', 'bau', 'lem', 'foxnya', 'sangat', 'menyengat', 'semoga', 'awet']","['overall', 'oke', 'bau', 'lem', 'foxnya', 'sangat', 'sengat', 'moga', 'awet']",overall oke bau lem foxnya sangat sengat moga awet
"Sepatu sudah saya terima dlm kondisi baik, bagus, sesuai pesanan dan deskripsi.. Proses dan pengiriman cepat. Suksess untuk usahanya, trimss gan..🙏",sepatu sudah saya terima dlm kondisi baik bagus sesuai pesanan dan deskripsi proses dan pengiriman cepat suksess untuk usahanya trimss gan,"['sepatu', 'sudah', 'saya', 'terima', 'dlm', 'kondisi', 'baik', 'bagus', 'sesuai', 'pesanan', 'dan', 'deskripsi', 'proses', 'dan', 'pengiriman', 'cepat', 'suksess', 'untuk', 'usahanya', 'trimss', 'gan']","['sepatu', 'sudah', 'saya', 'terima', 'dlm', 'kondisi', 'baik', 'bagus', 'sesuai', 'pesanan', 'dan', 'deskripsi', 'proses', 'dan', 'pengiriman', 'cepat', 'suksess', 'untuk', 'usahanya', 'trimss', 'gan']","['sepatu', 'sudah', 'saya', 'terima', 'dlm', 'kondisi', 'baik', 'bagus', 'sesuai', 'pesan', 'dan', 'deskripsi', 'proses', 'dan', 'kirim', 'cepat', 'suksess', 'untuk', 'usaha', 'trimss', 'gan']",sepatu sudah saya terima dlm kondisi baik bagus sesuai pesan dan deskripsi proses dan kirim cepat suksess untuk usaha trimss gan
Ukuran Sesuai Deskripsi Packing aman 👍 Sepatu Nyaman 👟,ukuran sesuai deskripsi packing aman sepatu nyaman,"['ukuran', 'sesuai', 'deskripsi', 'packing', 'aman', 'sepatu', 'nyaman']","['ukuran', 'sesuai', 'deskripsi', 'packing', 'aman', 'sepatu', 'nyaman']","['ukur', 'sesuai', 'deskripsi', 'packing', 'aman', 'sepatu', 'nyaman']",ukur sesuai deskripsi packing aman sepatu nyaman
seusai dengan ekpetasi barang cukup bagus jahitan juga halus,seusai dengan ekpetasi barang cukup bagus jahitan juga halus,"['seusai', 'dengan', 'ekpetasi', 'barang', 'cukup', 'bagus', 'jahitan', 'juga', 'halus']","['seusai', 'dengan', 'ekpetasi', 'barang', 'cukup', 'bagus', 'jahitan', 'juga', 'halus']","['usai', 'dengan', 'ekpetasi', 'barang', 'cukup', 'bagus', 'jahit', 'juga', 'halus']",usai dengan ekpetasi barang cukup bagus jahit juga halus
"Respon yag sangat cepat, harga terjangkau untuk kualitas yahud. Semoga awet...",respon yag sangat cepat harga terjangkau untuk kualitas yahud semoga awet,"['respon', 'yag', 'sangat', 'cepat', 'harga', 'terjangkau', 'untuk', 'kualitas', 'yahud', 'semoga', 'awet']","['respon', 'yag', 'sangat', 'cepat', 'harga', 'terjangkau', 'untuk', 'kualitas', 'yahud', 'semoga', 'awet']","['respon', 'yag', 'sangat', 'cepat', 'harga', 'jangkau', 'untuk', 'kualitas', 'yahud', 'moga', 'awet']",respon yag sangat cepat harga jangkau untuk kualitas yahud moga awet
mayan untuk harga segini.. lem masih berasa menyengat,mayan untuk harga segini lem masih berasa menyengat,"['mayan', 'untuk', 'harga', 'segini', 'lem', 'masih', 'berasa', 'menyengat']","['mayan', 'untuk', 'harga', 'segini', 'lem', 'masih', 'berasa', 'menyengat']","['mayan', 'untuk', 'harga', 'gin', 'lem', 'masih', 'asa', 'sengat']",mayan untuk harga gin lem masih asa sengat
lemayan bagus,lemayan bagus,"['lemayan', 'bagus']","['lemayan', 'bagus']","['layan', 'bagus']",layan bagus
barang bagus..sepertinya bisa buat hiking juga nih..makasih,barang bagus sepertinya bisa buat hiking juga nih makasih,"['barang', 'bagus', 'sepertinya', 'bisa', 'buat', 'hiking', 'juga', 'nih', 'makasih']","['barang', 'bagus', 'sepertinya', 'bisa', 'buat', 'hiking', 'juga', 'nih', 'makasih']","['barang', 'bagus', 'seperti', 'bisa', 'buat', 'hiking', 'juga', 'nih', 'makasih']",barang bagus seperti bisa buat hiking juga nih makasih
"Barang sampai ditempat, barang sesuai yang diinginkan, kwalitas barang bagus, packing ok, terimakasih",barang sampai ditempat barang sesuai yang diinginkan kwalitas barang bagus packing ok terimakasih,"['barang', 'sampai', 'ditempat', 'barang', 'sesuai', 'yang', 'diinginkan', 'kwalitas', 'barang', 'bagus', 'packing', 'ok', 'terimakasih']","['barang', 'sampai', 'ditempat', 'barang', 'sesuai', 'yang', 'diinginkan', 'kualitas', 'barang', 'bagus', 'packing', 'oke', 'terimakasih']","['barang', 'sampai', 'tempat', 'barang', 'sesuai', 'yang', 'ingin', 'kualitas', 'barang', 'bagus', 'packing', 'oke', 'terimakasih']",barang sampai tempat barang sesuai yang ingin kualitas barang bagus packing oke terimakasih
"Mantap meski KW, semoga awet. Finishing tolong diperbaiki lebih rapi lemnya.",mantap meski kw semoga awet finishing tolong diperbaiki lebih rapi lemnya,"['mantap', 'meski', 'kw', 'semoga', 'awet', 'finishing', 'tolong', 'diperbaiki', 'lebih', 'rapi', 'lemnya']","['mantap', 'meski', 'palsu', 'semoga', 'awet', 'finishing', 'tolong', 'diperbaiki', 'lebih', 'rapi', 'lemnya']","['mantap', 'meski', 'palsu', 'moga', 'awet', 'finishing', 'tolong', 'baik', 'lebih', 'rapi', 'lem']",mantap meski palsu moga awet finishing tolong baik lebih rapi lem
Barang sesuai dengan pesanan dan pas ukurannya. Ada bonus tas sepatu pula. Mantap.,barang sesuai dengan pesanan dan pas ukurannya ada bonus tas sepatu pula mantap,"['barang', 'sesuai', 'dengan', 'pesanan', 'dan', 'pas', 'ukurannya', 'ada', 'bonus', 'tas', 'sepatu', 'pula', 'mantap']","['barang', 'sesuai', 'dengan', 'pesanan', 'dan', 'pas', 'ukurannya', 'ada', 'bonus', 'tas', 'sepatu', 'pula', 'mantap']","['barang', 'sesuai', 'dengan', 'pesan', 'dan', 'pas', 'ukur', 'ada', 'bonus', 'tas', 'sepatu', 'pula', 'mantap']",barang sesuai dengan pesan dan pas ukur ada bonus tas sepatu pula mantap
"Sesuai pesanan,sepatu di pakai juga enak,ada harga ada kualitas,sipp lah",sesuai pesanan sepatu di pakai juga enak ada harga ada kualitas sipp lah,"['sesuai', 'pesanan', 'sepatu', 'di', 'pakai', 'juga', 'enak', 'ada', 'harga', 'ada', 'kualitas', 'sipp', 'lah']","['sesuai', 'pesanan', 'sepatu', 'di', 'pakai', 'juga', 'enak', 'ada', 'harga', 'ada', 'kualitas', 'sipp', 'lah']","['sesuai', 'pesan', 'sepatu', 'di', 'pakai', 'juga', 'enak', 'ada', 'harga', 'ada', 'kualitas', 'sipp', 'lah']",sesuai pesan sepatu di pakai juga enak ada harga ada kualitas sipp lah
Ukuran Sesuai Deskripsi Modelnya keren! Packing aman 👍 Sepatu Nyaman 👟,ukuran sesuai deskripsi modelnya keren packing aman sepatu nyaman,"['ukuran', 'sesuai', 'deskripsi', 'modelnya', 'keren', 'packing', 'aman', 'sepatu', 'nyaman']","['ukuran', 'sesuai', 'deskripsi', 'modelnya', 'keren', 'packing', 'aman', 'sepatu', 'nyaman']","['ukur', 'sesuai', 'deskripsi', 'model', 'keren', 'packing', 'aman', 'sepatu', 'nyaman']",ukur sesuai deskripsi model keren packing aman sepatu nyaman
"pengiriman cepat kemasan rapi, sesuai dengan pesanan",pengiriman cepat kemasan rapi sesuai dengan pesanan,"['pengiriman', 'cepat', 'kemasan', 'rapi', 'sesuai', 'dengan', 'pesanan']","['pengiriman', 'cepat', 'kemasan', 'rapi', 'sesuai', 'dengan', 'pesanan']","['kirim', 'cepat', 'kemas', 'rapi', 'sesuai', 'dengan', 'pesan']",kirim cepat kemas rapi sesuai dengan pesan
"Sepatu yg dipesan sudah sampe tujuan,bagus banget Saya suka skli sesuai Ekspektasi sellernya sangat amanah & Kurirnya pun ramah",sepatu yg dipesan sudah sampe tujuan bagus banget saya suka skli sesuai ekspektasi sellernya sangat amanah kurirnya pun ramah,"['sepatu', 'yg', 'dipesan', 'sudah', 'sampe', 'tujuan', 'bagus', 'banget', 'saya', 'suka', 'skli', 'sesuai', 'ekspektasi', 'sellernya', 'sangat', 'amanah', 'kurirnya', 'pun', 'ramah']","['sepatu', 'yang', 'dipesan', 'sudah', 'sampe', 'tujuan', 'bagus', 'banget', 'saya', 'suka', 'skli', 'sesuai', 'ekspektasi', 'sellernya', 'sangat', 'amanah', 'kurirnya', 'pun', 'ramah']","['sepatu', 'yang', 'pes', 'sudah', 'sampe', 'tuju', 'bagus', 'banget', 'saya', 'suka', 'skli', 'sesuai', 'ekspektasi', 'sellernya', 'sangat', 'amanah', 'kurir', 'pun', 'ramah']",sepatu yang pes sudah sampe tuju bagus banget saya suka skli sesuai ekspektasi sellernya sangat amanah kurir pun ramah
"wah enak banget sepatu nya nyaman di kaki, semoga awet...",wah enak banget sepatu nya nyaman di kaki semoga awet,"['wah', 'enak', 'banget', 'sepatu', 'nya', 'nyaman', 'di', 'kaki', 'semoga', 'awet']","['wah', 'enak', 'banget', 'sepatu', 'nya', 'nyaman', 'di', 'kaki', 'semoga', 'awet']","['wah', 'enak', 'banget', 'sepatu', 'nya', 'nyaman', 'di', 'kaki', 'moga', 'awet']",wah enak banget sepatu nya nyaman di kaki moga awet
kereeeen ini mah untuk harga segini menyerupai ORI nya jooos gandooooos,kereeeen ini mah untuk harga segini menyerupai ori nya jooos gandooooos,"['kereeeen', 'ini', 'mah', 'untuk', 'harga', 'segini', 'menyerupai', 'ori', 'nya', 'jooos', 'gandooooos']","['kereeeen', 'ini', 'mah', 'untuk', 'harga', 'segini', 'menyerupai', 'asli', 'nya', 'jooos', 'gandooooos']","['kereeeen', 'ini', 'mah', 'untuk', 'harga', 'gin', 'rupa', 'asli', 'nya', 'jooos', 'gandooooos']",kereeeen ini mah untuk harga gin rupa asli nya jooos gandooooos
"barang bagus , empuk, melebihi ekspektasi. ukuran cukup",barang bagus empuk melebihi ekspektasi ukuran cukup,"['barang', 'bagus', 'empuk', 'melebihi', 'ekspektasi', 'ukuran', 'cukup']","['barang', 'bagus', 'empuk', 'melebihi', 'ekspektasi', 'ukuran', 'cukup']","['barang', 'bagus', 'empuk', 'lebih', 'ekspektasi', 'ukur', 'cukup']",barang bagus empuk lebih ekspektasi ukur cukup
"mantap harga terjangkau,ya sesuai lah ada harga ada barang",mantap harga terjangkau ya sesuai lah ada harga ada barang,"['mantap', 'harga', 'terjangkau', 'ya', 'sesuai', 'lah', 'ada', 'harga', 'ada', 'barang']","['mantap', 'harga', 'terjangkau', 'ya', 'sesuai', 'lah', 'ada', 'harga', 'ada', 'barang']","['mantap', 'harga', 'jangkau', 'ya', 'sesuai', 'lah', 'ada', 'harga', 'ada', 'barang']",mantap harga jangkau ya sesuai lah ada harga ada barang
"barang sesuai harga masalah hanya di expedisi lama ,kurirnya kebanyakan nongkrong",barang sesuai harga masalah hanya di expedisi lama kurirnya kebanyakan nongkrong,"['barang', 'sesuai', 'harga', 'masalah', 'hanya', 'di', 'expedisi', 'lama', 'kurirnya', 'kebanyakan', 'nongkrong']","['barang', 'sesuai', 'harga', 'masalah', 'hanya', 'di', 'expedisi', 'lama', 'kurirnya', 'kebanyakan', 'nongkrong']","['barang', 'sesuai', 'harga', 'masalah', 'hanya', 'di', 'expedisi', 'lama', 'kurir', 'banyak', 'nongkrong']",barang sesuai harga masalah hanya di expedisi lama kurir banyak nongkrong
"barang sesuai dengan pesanan,semoga tetap berkualitas terus",barang sesuai dengan pesanan semoga tetap berkualitas terus,"['barang', 'sesuai', 'dengan', 'pesanan', 'semoga', 'tetap', 'berkualitas', 'terus']","['barang', 'sesuai', 'dengan', 'pesanan', 'semoga', 'tetap', 'berkualitas', 'terus']","['barang', 'sesuai', 'dengan', 'pesan', 'moga', 'tetap', 'kualitas', 'terus']",barang sesuai dengan pesan moga tetap kualitas terus
barang nya bagus..cuma warna nya tidak sesuai dgn gambar 🙏,barang nya bagus cuma warna nya tidak sesuai dgn gambar,"['barang', 'nya', 'bagus', 'cuma', 'warna', 'nya', 'tidak', 'sesuai', 'dgn', 'gambar']","['barang', 'nya', 'bagus', 'cuma', 'warna', 'nya', 'tidak', 'sesuai', 'dgn', 'gambar']","['barang', 'nya', 'bagus', 'cuma', 'warna', 'nya', 'tidak', 'sesuai', 'dgn', 'gambar']",barang nya bagus cuma warna nya tidak sesuai dgn gambar
"pengiriman cepat mantull, respon penjual ok",pengiriman cepat mantull respon penjual ok,"['pengiriman', 'cepat', 'mantull', 'respon', 'penjual', 'ok']","['pengiriman', 'cepat', 'mantull', 'respon', 'penjual', 'oke']","['kirim', 'cepat', 'mantull', 'respon', 'jual', 'oke']",kirim cepat mantull respon jual oke
"barang cepat nyampek, barang bagus semoga awet, dan terimakasih bonusnya",barang cepat nyampek barang bagus semoga awet dan terimakasih bonusnya,"['barang', 'cepat', 'nyampek', 'barang', 'bagus', 'semoga', 'awet', 'dan', 'terimakasih', 'bonusnya']","['barang', 'cepat', 'nyampek', 'barang', 'bagus', 'semoga', 'awet', 'dan', 'terimakasih', 'bonusnya']","['barang', 'cepat', 'nyampek', 'barang', 'bagus', 'moga', 'awet', 'dan', 'terimakasih', 'bonus']",barang cepat nyampek barang bagus moga awet dan terimakasih bonus
lumayan lah dengan kualitas barang harga di atas,lumayan lah dengan kualitas barang harga di atas,"['lumayan', 'lah', 'dengan', 'kualitas', 'barang', 'harga', 'di', 'atas']","['lumayan', 'lah', 'dengan', 'kualitas', 'barang', 'harga', 'di', 'atas']","['lumayan', 'lah', 'dengan', 'kualitas', 'barang', 'harga', 'di', 'atas']",lumayan lah dengan kualitas barang harga di atas
barang bukan orinya. karet bawah keras dan mudah lepas,barang bukan orinya karet bawah keras dan mudah lepas,"['barang', 'bukan', 'orinya', 'karet', 'bawah', 'keras', 'dan', 'mudah', 'lepas']","['barang', 'bukan', 'orinya', 'karet', 'bawah', 'keras', 'dan', 'mudah', 'lepas']","['barang', 'bukan', 'orinya', 'karet', 'bawah', 'keras', 'dan', 'mudah', 'lepas']",barang bukan orinya karet bawah keras dan mudah lepas
"Bagus banget, worth it sumpah, thank you seller✨",bagus banget worth it sumpah thank you seller,"['bagus', 'banget', 'worth', 'it', 'sumpah', 'thank', 'you', 'seller']","['bagus', 'banget', 'worth', 'it', 'sumpah', 'thank', 'you', 'seller']","['bagus', 'banget', 'worth', 'it', 'sumpah', 'thank', 'you', 'seller']",bagus banget worth it sumpah thank you seller
barang sdh sampai semoga awet tp jne agak lama ngirimnya,barang sdh sampai semoga awet tp jne agak lama ngirimnya,"['barang', 'sdh', 'sampai', 'semoga', 'awet', 'tp', 'jne', 'agak', 'lama', 'ngirimnya']","['barang', 'sudah', 'sampai', 'semoga', 'awet', 'tapi', 'jne', 'agak', 'lama', 'ngirimnya']","['barang', 'sudah', 'sampai', 'moga', 'awet', 'tapi', 'jne', 'agak', 'lama', 'ngirimnya']",barang sudah sampai moga awet tapi jne agak lama ngirimnya
barang sesuai deskripsi,barang sesuai deskripsi,"['barang', 'sesuai', 'deskripsi']","['barang', 'sesuai', 'deskripsi']","['barang', 'sesuai', 'deskripsi']",barang sesuai deskripsi
gila sih bangus banget melebihi ekspektasi,gila sih bangus banget melebihi ekspektasi,"['gila', 'sih', 'bangus', 'banget', 'melebihi', 'ekspektasi']","['gila', 'sih', 'bangus', 'banget', 'melebihi', 'ekspektasi']","['gila', 'sih', 'bangus', 'banget', 'lebih', 'ekspektasi']",gila sih bangus banget lebih ekspektasi
Bagus modelnya dan enak dipakai,bagus modelnya dan enak dipakai,"['bagus', 'modelnya', 'dan', 'enak', 'dipakai']","['bagus', 'modelnya', 'dan', 'enak', 'dipakai']","['bagus', 'model', 'dan', 'enak', 'pakai']",bagus model dan enak pakai
"isi paket lengkap, kualitas mayan lah,",isi paket lengkap kualitas mayan lah,"['isi', 'paket', 'lengkap', 'kualitas', 'mayan', 'lah']","['isi', 'paket', 'lengkap', 'kualitas', 'mayan', 'lah']","['isi', 'paket', 'lengkap', 'kualitas', 'mayan', 'lah']",isi paket lengkap kualitas mayan lah
puas beli sepatu di toko.imi murah bnyk bonus nya,puas beli sepatu di toko imi murah bnyk bonus nya,"['puas', 'beli', 'sepatu', 'di', 'toko', 'imi', 'murah', 'bnyk', 'bonus', 'nya']","['puas', 'beli', 'sepatu', 'di', 'toko', 'imi', 'murah', 'bnyk', 'bonus', 'nya']","['puas', 'beli', 'sepatu', 'di', 'toko', 'imi', 'murah', 'bnyk', 'bonus', 'nya']",puas beli sepatu di toko imi murah bnyk bonus nya
"Pengiriman cepat, kualitas bagus.",pengiriman cepat kualitas bagus,"['pengiriman', 'cepat', 'kualitas', 'bagus']","['pengiriman', 'cepat', 'kualitas', 'bagus']","['kirim', 'cepat', 'kualitas', 'bagus']",kirim cepat kualitas bagus
"barang sudah sampai, kwalitas sesuai harga pengiriman cepat",barang sudah sampai kwalitas sesuai harga pengiriman cepat,"['barang', 'sudah', 'sampai', 'kwalitas', 'sesuai', 'harga', 'pengiriman', 'cepat']","['barang', 'sudah', 'sampai', 'kualitas', 'sesuai', 'harga', 'pengiriman', 'cepat']","['barang', 'sudah', 'sampai', 'kualitas', 'sesuai', 'harga', 'kirim', 'cepat']",barang sudah sampai kualitas sesuai harga kirim cepat
sangatt baikk tapi sayang warna kuning nya di cet,sangatt baikk tapi sayang warna kuning nya di cet,"['sangatt', 'baikk', 'tapi', 'sayang', 'warna', 'kuning', 'nya', 'di', 'cet']","['sangatt', 'baikk', 'tapi', 'sayang', 'warna', 'kuning', 'nya', 'di', 'cet']","['sangatt', 'baikk', 'tapi', 'sayang', 'warna', 'kuning', 'nya', 'di', 'cet']",sangatt baikk tapi sayang warna kuning nya di cet
Pengiriman cepat. Semoga awet 👍🏼,pengiriman cepat semoga awet,"['pengiriman', 'cepat', 'semoga', 'awet']","['pengiriman', 'cepat', 'semoga', 'awet']","['kirim', 'cepat', 'moga', 'awet']",kirim cepat moga awet
"Nyaman, belum dicuba….",nyaman belum dicuba,"['nyaman', 'belum', 'dicuba']","['nyaman', 'belum', 'dicuba']","['nyaman', 'belum', 'dicuba']",nyaman belum dicuba
lumayan dr pada lu mayun 😁,lumayan dr pada lu mayun,"['lumayan', 'dr', 'pada', 'lu', 'mayun']","['lumayan', 'dr', 'pada', 'lu', 'mayun']","['lumayan', 'dr', 'pada', 'lu', 'mayun']",lumayan dr pada lu mayun
terimakasih banyak barang sampai dengan selamat semoga awet terimakasih seller,terimakasih banyak barang sampai dengan selamat semoga awet terimakasih seller,"['terimakasih', 'banyak', 'barang', 'sampai', 'dengan', 'selamat', 'semoga', 'awet', 'terimakasih', 'seller']","['terimakasih', 'banyak', 'barang', 'sampai', 'dengan', 'selamat', 'semoga', 'awet', 'terimakasih', 'seller']","['terimakasih', 'banyak', 'barang', 'sampai', 'dengan', 'selamat', 'moga', 'awet', 'terimakasih', 'seller']",terimakasih banyak barang sampai dengan selamat moga awet terimakasih seller
Alhamdulillah.. Keren banget. Ga nyesel belanja sepatu ini. semoga awet.,alhamdulillah keren banget ga nyesel belanja sepatu ini semoga awet,"['alhamdulillah', 'keren', 'banget', 'ga', 'nyesel', 'belanja', 'sepatu', 'ini', 'semoga', 'awet']","['alhamdulillah', 'keren', 'banget', 'tidak', 'nyesel', 'belanja', 'sepatu', 'ini', 'semoga', 'awet']","['alhamdulillah', 'keren', 'banget', 'tidak', 'nyesel', 'belanja', 'sepatu', 'ini', 'moga', 'awet']",alhamdulillah keren banget tidak nyesel belanja sepatu ini moga awet
Cakep 👍,cakep,['cakep'],['cakep'],['cakep'],cakep
barang sip. ada harga ada kualitas,barang sip ada harga ada kualitas,"['barang', 'sip', 'ada', 'harga', 'ada', 'kualitas']","['barang', 'sip', 'ada', 'harga', 'ada', 'kualitas']","['barang', 'sip', 'ada', 'harga', 'ada', 'kualitas']",barang sip ada harga ada kualitas
asik bangett fehh,asik bangett fehh,"['asik', 'bangett', 'fehh']","['asik', 'bangett', 'fehh']","['asik', 'bangett', 'fehh']",asik bangett fehh
Murah meriah bermerk..keaslian ceck dulu ya,murah meriah bermerk keaslian ceck dulu ya,"['murah', 'meriah', 'bermerk', 'keaslian', 'ceck', 'dulu', 'ya']","['murah', 'meriah', 'bermerk', 'keaslian', 'ceck', 'dulu', 'ya']","['murah', 'riah', 'bermerk', 'asli', 'ceck', 'dulu', 'ya']",murah riah bermerk asli ceck dulu ya
kerennnn.... terimakasih seller,kerennnn terimakasih seller,"['kerennnn', 'terimakasih', 'seller']","['kerennnn', 'terimakasih', 'seller']","['kerennnn', 'terimakasih', 'seller']",kerennnn terimakasih seller
sepatu berfungsi dengan baik,sepatu berfungsi dengan baik,"['sepatu', 'berfungsi', 'dengan', 'baik']","['sepatu', 'berfungsi', 'dengan', 'baik']","['sepatu', 'fungsi', 'dengan', 'baik']",sepatu fungsi dengan baik
Berfungsi dengan baik,berfungsi dengan baik,"['berfungsi', 'dengan', 'baik']","['berfungsi', 'dengan', 'baik']","['fungsi', 'dengan', 'baik']",fungsi dengan baik
Tolong kasih judul kl ini replika,tolong kasih judul kl ini replika,"['tolong', 'kasih', 'judul', 'kl', 'ini', 'replika']","['tolong', 'kasih', 'judul', 'kl', 'ini', 'replika']","['tolong', 'kasih', 'judul', 'kl', 'ini', 'replika']",tolong kasih judul kl ini replika
lumayam untuk harga segitu...,lumayam untuk harga segitu,"['lumayam', 'untuk', 'harga', 'segitu']","['lumayam', 'untuk', 'harga', 'segitu']","['lumayam', 'untuk', 'harga', 'segitu']",lumayam untuk harga segitu
sesuai kwalitas harga.,sesuai kwalitas harga,"['sesuai', 'kwalitas', 'harga']","['sesuai', 'kualitas', 'harga']","['sesuai', 'kualitas', 'harga']",sesuai kualitas harga
"sudah sampai, sesuai",sudah sampai sesuai,"['sudah', 'sampai', 'sesuai']","['sudah', 'sampai', 'sesuai']","['sudah', 'sampai', 'sesuai']",sudah sampai sesuai
"admin rese, no ramah..",admin rese no ramah,"['admin', 'rese', 'no', 'ramah']","['admin', 'rese', 'no', 'ramah']","['admin', 'rese', 'no', 'ramah']",admin rese no ramah
Keren sesuai pesanan,keren sesuai pesanan,"['keren', 'sesuai', 'pesanan']","['keren', 'sesuai', 'pesanan']","['keren', 'sesuai', 'pesan']",keren sesuai pesan
"Bagus, kokoh, empuk",bagus kokoh empuk,"['bagus', 'kokoh', 'empuk']","['bagus', 'kokoh', 'empuk']","['bagus', 'kokoh', 'empuk']",bagus kokoh empuk
sesuai dengan harga,sesuai dengan harga,"['sesuai', 'dengan', 'harga']","['sesuai', 'dengan', 'harga']","['sesuai', 'dengan', 'harga']",sesuai dengan harga
Bagus.,bagus,['bagus'],['bagus'],['bagus'],bagus
Tali sepatu kurang,tali sepatu kurang,"['tali', 'sepatu', 'kurang']","['tali', 'sepatu', 'kurang']","['tali', 'sepatu', 'kurang']",tali sepatu kurang
"oke, semoga awet",oke semoga awet,"['oke', 'semoga', 'awet']","['oke', 'semoga', 'awet']","['oke', 'moga', 'awet']",oke moga awet
"mantap ukuran pas ,",mantap ukuran pas,"['mantap', 'ukuran', 'pas']","['mantap', 'ukuran', 'pas']","['mantap', 'ukur', 'pas']",mantap ukur pas
mantap pokoe,mantap pokoe,"['mantap', 'pokoe']","['mantap', 'pokoe']","['mantap', 'pokoe']",mantap pokoe
Mantappp,mantappp,['mantappp'],['mantappp'],['mantappp'],mantappp
Worth it lah..,worth it lah,"['worth', 'it', 'lah']","['worth', 'it', 'lah']","['worth', 'it', 'lah']",worth it lah
Brg lama tibanya,brg lama tibanya,"['brg', 'lama', 'tibanya']","['barang', 'lama', 'tibanya']","['barang', 'lama', 'tiba']",barang lama tiba
kerem,kerem,['kerem'],['kerem'],['rem'],rem
barang sesuai pict semoga awet,barang sesuai pict semoga awet,"['barang', 'sesuai', 'pict', 'semoga', 'awet']","['barang', 'sesuai', 'pict', 'semoga', 'awet']","['barang', 'sesuai', 'pict', 'moga', 'awet']",barang sesuai pict moga awet
thks u,thks u,"['thks', 'u']","['thks', 'u']","['thks', 'u']",thks u
warna bagus dan.murah,warna bagus dan murah,"['warna', 'bagus', 'dan', 'murah']","['warna', 'bagus', 'dan', 'murah']","['warna', 'bagus', 'dan', 'murah']",warna bagus dan murah
sesuai harga barang,sesuai harga barang,"['sesuai', 'harga', 'barang']","['sesuai', 'harga', 'barang']","['sesuai', 'harga', 'barang']",sesuai harga barang
lumayanlah,lumayanlah,['lumayanlah'],['lumayanlah'],['lumayan'],lumayan
"jos , mantap",jos mantap,"['jos', 'mantap']","['jos', 'mantap']","['jos', 'mantap']",jos mantap
bagus dengan harga tersebut,bagus dengan harga tersebut,"['bagus', 'dengan', 'harga', 'tersebut']","['bagus', 'dengan', 'harga', 'tersebut']","['bagus', 'dengan', 'harga', 'sebut']",bagus dengan harga sebut
mantap 👍👍👍👍👍👍👍🙏,mantap,['mantap'],['mantap'],['mantap'],mantap
sangat puas srkali,sangat puas srkali,"['sangat', 'puas', 'srkali']","['sangat', 'puas', 'srkali']","['sangat', 'puas', 'srkali']",sangat puas srkali
super cepat kirimnya kerennn,super cepat kirimnya kerennn,"['super', 'cepat', 'kirimnya', 'kerennn']","['super', 'cepat', 'kirimnya', 'kerennn']","['super', 'cepat', 'kirim', 'kerennn']",super cepat kirim kerennn
JELEK,jelek,['jelek'],['jelek'],['jelek'],jelek
Sangattt bagus worth it,sangattt bagus worth it,"['sangattt', 'bagus', 'worth', 'it']","['sangattt', 'bagus', 'worth', 'it']","['sangattt', 'bagus', 'worth', 'it']",sangattt bagus worth it
kegedean. gpp buat keponakan,kegedean gpp buat keponakan,"['kegedean', 'gpp', 'buat', 'keponakan']","['kegedean', 'gpp', 'buat', 'keponakan']","['gede', 'gpp', 'buat', 'keponakan']",gede gpp buat keponakan
"sepatunya mantap, suka.",sepatunya mantap suka,"['sepatunya', 'mantap', 'suka']","['sepatunya', 'mantap', 'suka']","['sepatu', 'mantap', 'suka']",sepatu mantap suka
sesuai harga,sesuai harga,"['sesuai', 'harga']","['sesuai', 'harga']","['sesuai', 'harga']",sesuai harga
baguss,baguss,['baguss'],['baguss'],['baguss'],baguss
bagus,bagus,['bagus'],['bagus'],['bagus'],bagus
"Ok,mantap",ok mantap,"['ok', 'mantap']","['oke', 'mantap']","['oke', 'mantap']",oke mantap
Sangat puas pokoknya,sangat puas pokoknya,"['sangat', 'puas', 'pokoknya']","['sangat', 'puas', 'pokoknya']","['sangat', 'puas', 'pokok']",sangat puas pokok
Bagus empukkk,bagus empukkk,"['bagus', 'empukkk']","['bagus', 'empukkk']","['bagus', 'empukkk']",bagus empukkk
lumayan sesuai harga,lumayan sesuai harga,"['lumayan', 'sesuai', 'harga']","['lumayan', 'sesuai', 'harga']","['lumayan', 'sesuai', 'harga']",lumayan sesuai harga
mantap,mantap,['mantap'],['mantap'],['mantap'],mantap
warna yg dikirim tdk sesuai,warna yg dikirim tdk sesuai,"['warna', 'yg', 'dikirim', 'tdk', 'sesuai']","['warna', 'yang', 'pengiriman', 'tdk', 'sesuai']","['warna', 'yang', 'kirim', 'tdk', 'sesuai']",warna yang kirim tdk sesuai
mantapp,mantapp,['mantapp'],['mantapp'],['mantapp'],mantapp
ok,ok,['ok'],['oke'],['oke'],oke
terima kasiiih,terima kasiiih,"['terima', 'kasiiih']","['terima', 'kasiiih']","['terima', 'kasiiih']",terima kasiiih
Mantaapppp....👍,mantaapppp,['mantaapppp'],['mantaapppp'],['mantaapppp'],mantaapppp
"puas, jossssss",puas jossssss,"['puas', 'jossssss']","['puas', 'jossssss']","['puas', 'jossssss']",puas jossssss
